from_entity,to_entity,relationship,details,status,source_url
A.P. Moller - Maersk,APM Terminals,owns / controls,APM Terminals is part of A.P. Moller - Maersk,Current,https://www2.apmterminals.com/en/
APM Terminals,Rijeka Gateway,51% ownership / operator,ENNA Group holds 49%,Current,https://www2.apmterminals.com/en/rijeka/about/our-terminal
APM Terminals,Aqaba Container Terminal,50% + 1 share,Build-operate-transfer partnership with Aqaba Development Company,Current,https://akamai.apmterminals.com/en/aqaba/about/our-terminal
APM Terminals,Gateway Terminals India / Mumbai,joint venture,Joint venture with CONCOR,Current,https://www2.apmterminals.com/en/mumbai/about/our-terminal
APM Terminals,South Florida Container Terminal,49% ownership,Terminal Link Miami / CMA CGM holds 51%,Current,https://www2.apmterminals.com/en/miami/about/our-terminal
APM Terminals,South Container Terminal Jeddah,37.5% proposed/acquisition agreement,DP World retains 62.5% and operational control,Pending completion verification,https://www2.apmterminals.com/en/news/news-releases/2026/260218-APM-Terminals-DPWorld-strategic-partnership-Jeddah-Islamic-Port
APM Terminals,APM Terminals Maasvlakte II,75% post-transaction target,Hapag-Lloyd agreed to acquire 25%; completion subject to approvals,Pending,https://www2.apmterminals.com/en/news/news-releases/2026/260819-APMTerminals-and-Hapag-Lloyd-partner-at-Maasvlakte-II
APM Terminals,APM Terminals Laldia,developer/operator partner,PPP with Chittagong Port Authority and QNS Container Services,Development,https://www2.apmterminals.com/en/news/news-releases/2026/260831-APMTerminals-breaks-ground-in-Laldia
APM Terminals,Lien Chieu Container Port,developer/operator partner,Partnership with Hateco Group and Da Nang City,Development,https://akamai.apmterminals.com/en/news/news-releases/2026/260425-APM-Terminals-and-Hateco-partner-in-Da-Nang
