Company ID,Company,Entity Type,HQ City,HQ Country,Ownership,Business Segments,Senior Leader,Title,Scale / Network Notes,Status,Source ID,As Of
COMP_CMA_CGM,CMA CGM Group,Company,Marseille,France,Private / Saadé family controlled,Shipping; terminals; air cargo; logistics; inland transport; media,Rodolphe Saadé,Chairman & CEO,66 terminals across 40 countries reported for 2025,Active,SRC_0031,2026-09-07
COMP_CEVA,CEVA Logistics,Company,Marseille,France,Subsidiary of CMA CGM Group,Contract logistics; freight forwarding; air; ocean; ground; automotive; eCommerce,Patrick Moebel,CEO,Global 3PL; major North American expansion underway,Active,SRC_0029,2026-09-07
COMP_CMA_TERMINALS,CMA Terminals,Company,Marseille,France,100% owned by CMA CGM Group,Container terminals; port development,,,45 terminals; ~22m TEU handled in 2025,Active,SRC_0003,2026-09-07
COMP_APMT,APM Terminals,Company,The Hague,Netherlands,Part of A.P. Moller - Maersk,Container terminals; port development,Keith Svendsen,CEO,60 strategic locations globally; APM states operations in 35 countries in 2026,Active,SRC_0019,2026-09-08
COMP_DPW,DP World,Company,Dubai,United Arab Emirates,Dubai-government-linked global trade group,Ports; terminals; logistics; freight forwarding; marine services; economic zones,Yuvraj Narayan,Group CEO,93.4m TEU in 2025; nearly 300 forwarding branches; 500+ logistics locations,Active,SRC_0034,2026-09-07
COMP_ADPORTS,AD Ports Group,Company,Abu Dhabi,United Arab Emirates,75.42% owned by ADQ,Ports; economic cities/free zones; maritime/shipping; logistics; digital,Captain Mohamed Juma Al Shamisi,Managing Director & Group CEO,Current management page references 36 terminals; 50+ countries; 140+ offices,Active,SRC_0013,2026-09-07
COMP_GULFTAINER,Gulftainer,Company,Sharjah,United Arab Emirates,Private,Ports; terminals; inland logistics; warehousing; container shipping; maritime services,Farid Belbouab,Group CEO,Strategy targets 10m+ TEU future Khorfakkan capacity and 2.3m TEU inland logistics capacity,Active,SRC_0040,2026-09-07
COMP_CARGOLUX,Cargolux Airlines International,Company,Luxembourg,Luxembourg,Luxair 35.10%; HNCA 35.00%; BCEE 10.90%; SNCI 10.67%; Luxembourg State 8.32%,Air cargo; road feeder services; specialist freight,Richard Forson,President & CEO,30 Boeing 747 freighters; 70+ flight destinations; 85+ offices in 50+ countries,Active,SRC_0022,2026-09-07
COMP_FINCANTIERI,Fincantieri,Company,Trieste,Italy,Publicly listed; Italian state influence through CDP,Naval shipbuilding; cruise shipbuilding; offshore; underwater; defence systems,Pierroberto Folgiero,CEO & Managing Director,~€74bn backlog at 1H 2026; deliveries visible to 2039,Active,SRC_0038,2026-09-07
COMP_ABP,Associated British Ports,Company,London,United Kingdom,Private infrastructure ownership,Ports; terminals; rail freight; property; dredging; marine consultancy,,,21 UK ports; around a quarter of UK seaborne trade in goods,Active,SRC_0009,2026-09-07
COMP_PEEL,Peel Ports Group,Company,Liverpool,United Kingdom,Private,Ports; terminals; logistics; marine services,,,Major UK/Ireland port network,Active,SRC_0043,2026-09-07
COMP_FORTH,Forth Ports,Company,Edinburgh,United Kingdom,Private,Ports; terminals; logistics; towage; heavy lifting,,,"8 UK ports; 30m tonnes cargo; 2,000-acre estate",Active,SRC_0005,2026-09-07
COMP_PDPORTS,PD Ports,Company,Middlesbrough,United Kingdom,Brookfield Infrastructure retained a 25% interest after partial disposition; remaining ownership to resolve,Ports; logistics; warehousing; freight forwarding; rail; stevedoring,,,11 UK sites nationwide; current investor/control structure requires consortium-level resolution,Active,SRC_0255,2026-09-07
COMP_HUTCHISON,Hutchison Ports,Company,Hong Kong,"Hong Kong, China",Part of CK Hutchison Holdings,Ports; terminals; logistics,,,"53 ports in 24 countries as of 2025; UK: Felixstowe, Harwich, London Thamesport",Active,SRC_0008,2026-09-07
COMP_BRISTOL,The Bristol Port Company,Company,Bristol,United Kingdom,Private,Port operations; containers; automotive; liquid bulk; dry bulk; project cargo,,,Avonmouth + Royal Portbury; consented deep-sea container terminal adds 1.5m TEU,Active,SRC_0021,2026-09-07
COMP_CMA_AIR,CMA CGM AIR CARGO,Business unit,Paris,France,CMA CGM Group,Air cargo,Damien Mazaudier,CEO,"Dedicated CMA CGM air-freight division; strategic hubs in France, Belgium and the United States.",Active,SRC_0046,2026-09-07
COMP_MAERSK,A.P. Moller - Maersk,Company,Copenhagen,Denmark,Publicly listed / foundation-influenced,Container shipping; logistics; terminals; air cargo,,,Integrated logistics group; Q1 2026 review reports 21 dual-fuel vessels operating and 33 vessels on order.,Active,SRC_0047,2026-09-07
COMP_MAERSK_AIR,Maersk Air Cargo,Business unit,,Denmark,A.P. Moller - Maersk,Air cargo,,,In-house cargo airline within Maersk's integrated logistics network.,Active,SRC_0049,2026-09-07
COMP_MSC,MSC Mediterranean Shipping Company,Company,Geneva,Switzerland,Independent / family-owned,Container shipping; logistics; air cargo; terminals,Soren Toft,CEO,"MSC reports about 1,000 cargo vessels, 300 routes, 520 ports of call, and 7 aircraft.",Active,SRC_0050,2026-09-07
COMP_TIL,Terminal Investment Limited,Company,Geneva,Switzerland,MSC majority-owned; co-investors,Container terminal investment and operations,,,MSC stated TiL had operations across 29 countries in 2019; terminal investor/operator.,Active,SRC_0052,2026-09-07
COMP_MSC_CRUISES,MSC Cruises,Company,Geneva,Switzerland,MSC Group,Cruise shipping,,,Cruise operating company within MSC Group.,Active,SRC_0064,2026-09-07
COMP_COSCO_GROUP,COSCO SHIPPING,Company,Shanghai,China,State-owned,Shipping; ports; logistics; finance; equipment manufacturing; digital,,,"Group reported 1,660 vessels at end-2025 across container, dry bulk, tanker and specialized fleets.",Active,SRC_0054,2026-09-07
COMP_COSCO_LINES,COSCO SHIPPING Lines,Company,Shanghai,China,COSCO SHIPPING subsidiary,Container shipping; logistics,,,By end-May 2026: 456 container vessels / ~2.4m TEU; with OOCL 596 / ~3.6m TEU.,Active,SRC_0053,2026-09-07
COMP_COSCO_PORTS,COSCO SHIPPING Ports,Company,Hong Kong,China,COSCO SHIPPING subsidiary,Port and terminal investment / operations,,,Global terminal platform of COSCO SHIPPING.,Active,SRC_0055,2026-09-07
COMP_EVERGREEN,Evergreen Marine,Company,Taoyuan,Taiwan,Publicly listed,Container shipping; terminal operations,,,Evergreen Line serves 315+ locations globally; current full-fleet research queued.,Active,SRC_0056,2026-09-07
COMP_NOATUM,Noatum,Company,Madrid / Barcelona,Spain,AD Ports Group company,Maritime; logistics; ports; automotive; cruise services,,,Noatum states it is fully integrated into AD Ports Group's businesses.,Active,SRC_0059,2026-09-07
COMP_NOATUM_MARITIME,Noatum Maritime,Business unit,,Spain,Noatum / AD Ports Group,Maritime agency; liner; chartering; cruise services,,,Noatum maritime business unit.,Active,SRC_0065,2026-09-07
COMP_NOATUM_LOGISTICS,Noatum Logistics,Business unit,,Spain,Noatum / AD Ports Group,International freight; project cargo; logistics; customs,,,Noatum logistics business unit.,Active,SRC_0065,2026-09-07
COMP_GFS,Global Feeder Shipping,Company,Dubai,United Arab Emirates,81% owned by AD Ports Group as of Jun 2026,Container feeder shipping,,,AD Ports Group describes GFS as the world's fourth-largest feeder line by capacity.,Active,SRC_0058,2026-09-07
COMP_UGR,United Global Ro-Ro,Company,,United Arab Emirates,JV involving Noatum Maritime and Erkport,Ro-Ro / PCTC shipping,,,UGR publishes a named Ro-Ro fleet including 2025-built UGR Al Samha and UGR Zakher.,Active,SRC_0060,2026-09-07
COMP_ADNOC,ADNOC,Company,Abu Dhabi,United Arab Emirates,Abu Dhabi state-owned energy group,Energy; upstream; downstream; trading; gas; logistics,H.E. Dr. Sultan Ahmed Al Jaber,Managing Director & Group CEO,Parent energy group for ADNOC L&S and other ADNOC operating companies.,Active,SRC_0067,2026-09-07
COMP_ADNOC_LS,ADNOC Logistics & Services,Company,Abu Dhabi,United Arab Emirates,ADNOC Group / publicly listed subsidiary,Integrated logistics; energy shipping; marine services,Captain Abdulkareem Al Masabi,Chief Executive Officer,"Fleet sheet states 900+ owned, chartered and operated vessels; shipping-fleet layer listed separately.",Active,SRC_0066,2026-09-07
COMP_NAVIG8,Navig8,Company,,,80% owned by ADNOC L&S,Ship ownership; commercial pools; bunkering; ship management,,,ADNOC L&S identifies Navig8 as a key subsidiary and global ship owner / commercial pools operator.,Active,SRC_0069,2026-09-07
COMP_ZMI,Zakher Marine International Holdings,Company,Abu Dhabi,United Arab Emirates,100% owned by ADNOC L&S,Offshore support vessels; marine logistics,,,ADNOC L&S identifies ZMI as a key wholly owned offshore-support-vessel subsidiary.,Active,SRC_0069,2026-09-07
COMP_AW_SHIPPING,AW Shipping,Joint venture,,United Arab Emirates / China,Joint venture between ADNOC L&S and Wanhua Chemical,VLGC; VLEC; VLAC shipping,Captain Abdulkareem Al Masabi,Chairman,Energy / petrochemical shipping JV serving ADNOC and Wanhua-linked flows.,Active,SRC_0071,2026-09-07
COMP_WANHUA,Wanhua Chemical Group,Company,,China,Public company,Chemicals; petrochemicals; international trading,,,JV partner in AW Shipping and major cargo principal for LPG/ethane flows.,Active,SRC_0071,2026-09-07
COMP_ADNOC_GAS,ADNOC Gas,Company,Abu Dhabi,United Arab Emirates,ADNOC Group,Gas processing; LNG; gas marketing,,,Long-term charter counterparty for part of ADNOC L&S LNG fleet.,Active,SRC_0068,2026-09-07
COMP_BAHRI,Bahri,Company,Riyadh,Saudi Arabia,Publicly listed; strategic Saudi maritime company,Crude oil; chemicals; dry bulk; RoCon; logistics; marine services,Eng. Ahmed Ali Alsubaey,CEO & Board Member,"Q2 2026: 107 owned vessels, 109 operated vessels, plus three floating desalination barges.",Active,SRC_0074,2026-09-07
COMP_NAKILAT,Nakilat,Company,Doha,Qatar,Publicly listed,LNG shipping; LPG/ammonia shipping; shipyard; towage; maritime services,Eng. Abdullah Al-Sulaiti,Chief Executive Officer,H1 2026: 40-vessel newbuild orderbook across South Korea and China.,Active,SRC_0079,2026-09-07
COMP_MILAHA,Milaha / Qatar Navigation Q.P.S.C.,Company,Doha,Qatar,Publicly listed,Maritime & logistics; marine technical; offshore; gas & petrochem; capital,Fahad Saad Al-Qahtani,Group Chief Executive Officer,Maritime/logistics group; also the largest shareholder in Nakilat according to its 2025 annual-report structure.,Active,SRC_0082,2026-09-07
COMP_QATARENERGY,QatarEnergy,Company,Doha,Qatar,State-owned,Energy; LNG; marketing; trading; fleet chartering,Saad Sherida Al-Kaabi,President & CEO,Existing 69-vessel LNG transport fleet plus a 128-vessel fleet expansion program sponsored through shipowner charter structures.,Active,SRC_0086,2026-09-07
COMP_BYD,BYD Company / BYD Auto,Company,Shenzhen,China,Publicly listed,Automotive; batteries; electronics; vehicle-export logistics,Wang Chuanfu,Chairman,Dedicated eight-vessel car-carrier network by August 2026; ownership includes both BYD-owned and chartered ships.,Active,SRC_0090,2026-09-07
COMP_ZODIAC,Zodiac Maritime,Company,London,United Kingdom,Private,Ship ownership; management; chartering,,,Owner of BYD Explorer No.1 and BYD Changzhou in the first-pass vehicle-carrier relationship model.,Active,SRC_0091,2026-09-07
COMP_ZIM,ZIM Integrated Shipping Services,Company,Haifa,Israel,Publicly listed,Container shipping; vehicle-carrier chartering; logistics,Eli Glickman,President & CEO (departing / notice period),Q2 2026: 115 containerships / 707k TEU plus 13 car carriers; 40 future charter agreements.,Active,SRC_0096,2026-09-07
COMP_SINOKOR,SINOKOR Merchant Marine,Company,Seoul,South Korea,Private,Container shipping; bulk; terminals; land logistics; warehousing; forwarding,Tae-Soon Chung / Chang-Won Kum,Representative Directors,"English site reports 66 operating vessels, 69 liner routes and 97 offices.",Active,SRC_0099,2026-09-07
COMP_BP,bp p.l.c.,Company,London,United Kingdom,Publicly listed,Energy; trading; shipping; LNG,Murray Auchincloss,Chief Executive Officer,Integrated energy company with trading and shipping activities.,Active,SRC_0104,2026-09-07
COMP_BP_SHIPPING,bp Shipping Limited,Company,London,United Kingdom,bp group company,Oil shipping; LNG shipping; marine assurance; supply vessels,,,"2024 filing baseline references 48 international oil, LNG and supply vessels; current 2026 fleet needs refresh.",Active,SRC_0103,2026-09-07
COMP_CHEVRON,Chevron Corporation,Company,Houston,United States,Publicly listed,Energy; LNG; crude; refined products; shipping,Mike Wirth,Chairman & CEO,"Chevron Shipping transports crude, LNG and refined products through owned and bareboat-chartered fleet capacity.",Active,SRC_0105,2026-09-07
COMP_CHEVRON_SHIPPING,Chevron Shipping Company,Business unit,San Ramon / Houston,United States,Chevron Corporation,Marine transportation; LNG; crude oil; refined products,,,Shipping arm with owned and bareboat-chartered vessel capacity.,Active,SRC_0105,2026-09-07
COMP_EXXON,Exxon Mobil Corporation,Company,"Spring, Texas",United States,Publicly listed,Energy; trading; marine transportation; refined products,Darren Woods,Chairman & CEO,"Marine exposure includes SeaRiver Maritime, International Marine Transportation entities, and cargo chartering.",Active,SRC_0108,2026-09-07
COMP_SEARIVER,"SeaRiver Maritime, Inc.",Company,,United States,Wholly owned ExxonMobil subsidiary,Marine transportation; tanker chartering,,,ExxonMobil marine entity; current charter exposure modeled separately from ownership.,Active,SRC_0107,2026-09-07
COMP_IMT,International Marine Transportation Limited,Company,,United Kingdom,ExxonMobil group company,Marine transportation / shipping services,,,ExxonMobil-listed marine transportation entity.,Active,SRC_0107,2026-09-07
COMP_PERFORMANCE_SHIPPING,Performance Shipping Inc.,Company,Athens,Greece,Publicly listed,Tanker ownership and operation,,,"Owner of M/T P. Long Beach, time-chartered to SeaRiver Maritime.",Active,SRC_0109,2026-09-07
COMP_VITOL,Vitol,Company,Geneva / Rotterdam,,Private,Energy trading; shipping; logistics,,,Trading counterparty in ExxonMobil U.S.-Australia fuel movement; modeled as intermediary / charter-chain entity.,Active,SRC_0110,2026-09-07
COMP_HAPAG_LLOYD,Hapag-Lloyd AG,Company,Hamburg,Germany,Publicly listed,Container shipping; logistics,,,Tier-1 global liner; vessel-level fleet build queued.,Active,,
COMP_ONE,Ocean Network Express Pte. Ltd.,Company,Singapore,Singapore,"Joint venture of NYK, MOL and K Line",Container shipping,,,Tier-1 global liner; vessel-level fleet build queued.,Active,,
COMP_YANG_MING,Yang Ming Marine Transport Corporation,Company,Keelung,Taiwan,Publicly listed,Container shipping; logistics,,,Tier-1 global liner; vessel-level fleet build queued.,Active,,
COMP_HMM,"HMM Co., Ltd.",Company,Seoul,South Korea,Publicly listed,Container shipping; logistics,,,Tier-1 global liner; vessel-level fleet build queued.,Active,,
COMP_PIL,Pacific International Lines (Pte) Ltd,Company,Singapore,Singapore,Private / institutional ownership,Container shipping; logistics,,,Tier-1 global liner; vessel-level fleet build queued.,Active,,
COMP_WAN_HAI,Wan Hai Lines Ltd.,Company,Taipei,Taiwan,Publicly listed,Container shipping,,,Tier-1 global liner; vessel-level fleet build queued.,Active,,
COMP_SEALEAD,SeaLead Shipping,Company,Singapore,Singapore,Private,Container shipping,,,Emerging global liner; vessel-level fleet build queued.,Active,,
COMP_XPRESS,X-Press Feeders,Company,Singapore,Singapore,Private,Container feeder shipping,,,Major global feeder operator; vessel-level fleet build queued.,Active,,
COMP_UNIFEEDER,Unifeeder A/S,Company,Aarhus,Denmark,DP World group,Container feeder shipping; short-sea logistics,,,Major feeder / short-sea operator; vessel-level fleet build queued.,Active,,
COMP_ESL,Emirates Shipping Line,Company,Dubai,United Arab Emirates,Private,Container shipping,,,Regional/global liner relevant to Gulf network exposure.,Active,,
COMP_SAFEEN_FEEDERS,SAFEEN Feeders,Business line,Abu Dhabi,United Arab Emirates,AD Ports Group / Noatum Maritime ecosystem,Container feeder shipping,,,Identified by AD Ports Group alongside GFS and Transmar as a core feeder-shipping business.,Active,,
COMP_TRANSMAR,Transmar International Shipping,Company,Cairo,Egypt,70% owned by AD Ports Group,Container shipping; regional feeder services,,,AD Ports Group's first international maritime acquisition platform in Egypt.,Active,,
COMP_GFS_SHIP_MGMT,GFS Ship Management FZE,Company,Dubai,United Arab Emirates,Private; legal relationship to Global Feeder Shipping LLC to be reconciled,Technical ship management; crew management; commercial management; owner representation,,,"Official site states 30+ in-house vessels and >120,000 TEU under management.",Active,,
COMP_CHINA_MERCHANTS_GROUP,China Merchants Group,Company,Shenzhen,China,Chinese state-owned enterprise,Ports; shipping; logistics; finance; infrastructure,,,Parent group of China Merchants Energy Shipping and other transport/infrastructure businesses,Active,,
COMP_CMES,"China Merchants Energy Shipping Co., Ltd.",Company,Shanghai,China,Public / state-controlled via China Merchants Group,Crude tankers; LNG; dry bulk; RoRo; shipping,,,Major Chinese energy shipping company; key VLCC operator,Active,,
COMP_COSCO_ENERGY,"COSCO SHIPPING Energy Transportation Co., Ltd.",Company,Shanghai,China,Public / state-controlled via COSCO SHIPPING,Crude tankers; product tankers; LNG shipping,,,Energy-shipping arm of COSCO SHIPPING,Active,,
COMP_FRONTLINE,Frontline plc,Company,Limassol,Cyprus,Public,VLCC; Suezmax; LR2/Aframax crude and product tankers,,,Large listed tanker owner/operator with active fleet-renewal program,Active,,
COMP_ANGELICOUSSIS_GROUP,Angelicoussis Group,Company,Athens,Greece,Private,Tankers; LNG carriers; dry bulk shipping,,,Parent shipping group for Maran Tankers and related fleets,Active,,
COMP_MARAN_TANKERS,Maran Tankers Management Inc.,Company,Athens,Greece,Private / Angelicoussis Group,Crude-oil tankers; VLCC management and operations,,,Large Greek tanker-management platform,Active,,
COMP_MOL,"Mitsui O.S.K. Lines, Ltd.",Company,Tokyo,Japan,Public,Tankers; LNG/LPG; dry bulk; car carriers; ferries; logistics,,,Diversified Japanese shipping group and ONE shareholder,Active,,
COMP_DHT,"DHT Holdings, Inc.",Company,Hamilton,Bermuda,Public,VLCC crude-oil tankers,,,Pure-play listed VLCC company,Active,,
COMP_NYK,Nippon Yusen Kabushiki Kaisha (NYK Line),Company,Tokyo,Japan,Public,Tankers; LNG/LPG; car carriers; dry bulk; logistics; cruise,,,Diversified Japanese shipping group and ONE shareholder,Active,,
COMP_ASYAD_GROUP,Asyad Group,Company,Muscat,Oman,Omani state-linked group,Ports; logistics; shipping; free zones; transport,,,Oman integrated logistics and maritime group,Active,,
COMP_ASYAD_SHIPPING,Asyad Shipping Company,Company,Muscat,Oman,Asyad Group-linked shipping company,Crude tankers; product tankers; LNG; dry bulk; liner shipping,,,Oman-based diversified shipping fleet with VLCC exposure,Active,,
COMP_NITC,National Iranian Tanker Company,Company,Tehran,Iran,Iranian state-linked / sanctioned exposure,Crude-oil tankers; VLCCs; petroleum transport,,,Major Iranian tanker fleet; sanctions status must be modeled separately from fleet size,Active,,
COMP_BC_FERRIES,BC Ferries,Company / ferry system,Victoria,Canada,Provincial ferry operator structure,Passenger ferry; vehicle ferry; freight mobility,,,Coastal British Columbia ferry network; public site lists 39 ferries and more than 30 destinations.,Active,SRC_0111,2026-09-07
COMP_WSF,Washington State Ferries,Government ferry system,Seattle / Olympia,United States,Washington State Department of Transportation division,Passenger ferry; vehicle ferry; marine highway,,,Largest ferry system in the United States; 21-ferry fleet across Puget Sound / Salish Sea.,Active,SRC_0114,2026-09-07
COMP_AMHS,Alaska Marine Highway System,Government ferry system,Ketchikan / Juneau,United States,Alaska Department of Transportation & Public Facilities,Passenger ferry; vehicle ferry; freight; marine highway,,,"3,500-mile route network serving more than 30 coastal communities.",Active,SRC_0119,2026-09-07
COMP_MARINE_ATLANTIC,Marine Atlantic,Crown corporation / ferry operator,North Sydney,Canada,Canadian federal Crown corporation,Passenger ferry; vehicle ferry; commercial freight,,,Newfoundland-Nova Scotia ferry service with passenger and dedicated commercial capacity.,Active,SRC_0122,2026-09-07
COMP_PO_FERRIES,P&O Ferries,Company,Dover,United Kingdom,DP World company,Passenger ferry; Ro-Pax; freight ferry,,,"UK-Europe / Irish Sea ferry network including Dover-Calais, Hull-Rotterdam and Cairnryan-Larne.",Active,SRC_0125,2026-09-07
COMP_DFDS,DFDS,Company,Copenhagen,Denmark,Publicly listed,Passenger ferry; Ro-Pax; freight ferry; logistics,,,"European ferry and freight network spanning Channel, North Sea, Baltic and Mediterranean corridors.",Active,SRC_0126,2026-09-07
COMP_MOL_SUNFLOWER,MOL Sunflower,Company / ferry operator,Tokyo / Osaka,Japan,Mitsui O.S.K. Lines group,Passenger ferry; Ro-Pax; overnight freight/passenger services,,,Japanese overnight ferry network linking Kansai-Kyushu and other domestic corridors.,Active,SRC_0127,2026-09-07
COMP_2GO,2GO Group / 2GO Travel,Company,Manila,Philippines,Integrated transport and logistics group,Passenger ferry; inter-island freight; logistics,,,Philippine inter-island ferry and logistics operator with published sailing schedules and service advisories.,Active,SRC_0129,2026-09-07
COMP_ASDP,PT ASDP Indonesia Ferry,Company / state ferry operator,Jakarta,Indonesia,Indonesian state-owned ferry operator,Passenger ferry; vehicle ferry; Ro-Ro; archipelagic connectivity,,,Large Indonesian ferry network with public vessel register and vehicle tariff classes.,Active,SRC_0132,2026-09-07
COMP_STAR_FERRY,The Star Ferry Company,Company,Hong Kong,"Hong Kong, China",Private / franchise ferry operator,Urban passenger ferry; harbour tours,,,Victoria Harbour commuter and tourist ferry operator; electric-ferry procurement underway in 2026.,Active,SRC_0133,2026-09-07
COMP_AB_MARITIME,Arab Bridge Maritime,Company / government joint venture,Aqaba,Jordan,Jordan-Egypt-Iraq government joint venture,Passenger ferry; vehicle ferry; freight; tourist craft,,,Aqaba-Nuweiba / Aqaba-Taba operator linking Asian and African Red Sea gateways.,Active,SRC_0135,2026-09-07
COMP_SEALINK_KI,SeaLink Kangaroo Island,Company / ferry operator,Adelaide / Cape Jervis,Australia,SeaLink / Kelsian group operation,Passenger ferry; vehicle ferry; island connectivity,,,Cape Jervis-Penneshaw car/passenger ferry system; new-ferry transition underway in 2026.,Active,SRC_0139,2026-09-07
COMP_FULLERS360,Fullers360,Company / ferry operator,Auckland,New Zealand,Private ferry operator,Urban/island passenger ferry; tourism,,,Auckland / Hauraki Gulf passenger-ferry network including Waiheke and Rangitoto services.,Active,SRC_0142,2026-09-07
COMP_CALMAC,CalMac Ferries / Caledonian MacBrayne,Company / public-service ferry operator,Gourock,United Kingdom,Scottish public-service ferry network,Passenger ferry; vehicle ferry; island connectivity,,,Scottish west-coast ferry network with monthly route reliability and punctuality reporting.,Active,SRC_0144,2026-09-07
COMP_CSL_GROUP,The CSL Group,Company,Montreal,Canada,Private,Dry bulk shipping; self-unloaders; transhipment; cement; MPP; offshore marine logistics,Louis Martel,President & CEO,"Global group with regional divisions in Canada, Americas, Australia/Asia, Europe and Africa; current site states 99-vessel global fleet.",Active,SRC_0152,2026-09-07
COMP_CSL_CANADA,Canada Steamship Lines,Business division,Montreal,Canada,The CSL Group,Great Lakes/St. Lawrence self-unloaders; bulk carriers,Jeremy Whitworth,"VP Commercial, Canada",Canadian-flag Great Lakes/St. Lawrence division of CSL.,Active,SRC_0152,2026-09-07
COMP_CSL_AUSTRALIA,CSL Australia,Business division,Sydney,Australia,The CSL Group,Coastal dry bulk; self-unloaders; cement carriers; transhippers,Daniel Wilson,"VP Commercial, CSL Australia",Largest owner/operator of dry-bulk coastal vessels in Australian waters per CSL; also operates across Australia/Asia.,Active,SRC_0152,2026-09-07
COMP_CSL_AMERICAS,CSL Americas,Business division,Boston,United States,The CSL Group,Self-unloading and transhipment across Americas/Caribbean/Africa,Henrik Friis,"VP Commercial, CSL Americas and Pool","Commercial footprint across North, South and Central America, Caribbean and Africa.",Active,SRC_0152,2026-09-07
COMP_ALGOMA,Algoma Central Corporation,Company,St. Catharines,Canada,Publicly listed,Great Lakes/St. Lawrence dry bulk; tankers; international self-unloaders; joint ventures,,,Canadian-flag Great Lakes/St. Lawrence fleet plus international ocean self-unloaders; 50% interest in NovaAlgoma and international joint ventures.,Active,SRC_0155,2026-09-07
COMP_INTERLAKE,The Interlake Steamship Company,Company,"Middleburg Heights, Ohio",United States,Family-owned,Great Lakes self-unloading bulk shipping,,,2026 season source states full fleet of 11 commercial vessels and 20m+ tons of annual cargo.,Active,SRC_0157,2026-09-07
COMP_CN,Canadian National Railway / CN,Company,Montreal,Canada,Publicly listed,Rail; intermodal; marine / Great Lakes Fleet,,,Parent transport network connected to Great Lakes Fleet and multiple Great Lakes ports.,Active,SRC_0158,2026-09-07
COMP_GREAT_LAKES_FLEET,Great Lakes Fleet,Business unit / fleet,Duluth / Great Lakes,United States,CN,Great Lakes self-unloading bulk shipping,,,"CN marine fleet carrying iron ore, limestone, coal and specialty bulk commodities with direct rail connectivity.",Active,SRC_0158,2026-09-07
COMP_FEDNAV,Fednav,Company,Montreal,Canada,Private,Dry bulk shipping; ice-class vessels; Great Lakes/Seaway and global,,,Operates 130+ dry-bulk carriers and 900+ voyages per year across the Seaway and global waters.,Active,SRC_0159,2026-09-07
COMP_MCKEIL,McKeil Marine,Company,Burlington,Canada,Private,Bulk carriers; tankers; tugs; barges; workboats; project marine,,,"Great Lakes/St. Lawrence, East Coast and Canadian Arctic operator.",Active,SRC_0160,2026-09-07
COMP_MAINSTAY,Mainstay Maritime,Company,"Williamsville, New York",United States,Private / investment-owned,Great Lakes bulk freight; liquid bulk; ship repair; logistics,Greg Binion,Chief Executive Officer,"Current Great Lakes marine group with American Steamship Company, Grand River Navigation, Andrie and ship-repair/logistics assets.",Active,SRC_0161,2026-09-07
COMP_ASC,American Steamship Company,Company,"Williamsville, New York",United States,Mainstay Maritime subsidiary,Great Lakes self-unloading bulk shipping,,,Great Lakes operator founded in 1907; current Mainstay subsidiary.,Active,SRC_0161,2026-09-07
COMP_GRN,Grand River Navigation,Company,"Traverse City, Michigan",United States,Mainstay Maritime operating company,Great Lakes bulk shipping,,,U.S. Jones Act Great Lakes operator within Mainstay Maritime.,Active,SRC_0162,2026-09-07
COMP_ANDRIE,Andrie,Company,"Muskegon, Michigan",United States,Mainstay Maritime operating company,Great Lakes liquid bulk / tank barge operations,,,"Mainstay acquired Andrie in 2024, adding liquid-bulk transport to its Great Lakes portfolio.",Active,SRC_0161,2026-09-07
COMP_VICTORY_CRUISE,Victory Cruise Lines,Cruise company,,United States,Private cruise operator,Great Lakes / St. Lawrence small-ship cruise,,,Victory I and Victory II operate Great Lakes itineraries in 2026.,Active,SRC_0164,2026-09-07
COMP_PEARL_SEAS,Pearl Seas Cruises,Cruise company,"Guilford, Connecticut",United States,Private cruise operator,Great Lakes / St. Lawrence small-ship cruise,Carter Robertson,President,Pearl Mist operates the company's 2026 Great Lakes season.,Active,SRC_0165,2026-09-07
COMP_VIKING,Viking,Cruise company,,,Private cruise operator,Expedition and ocean cruising; Great Lakes,,,Operates Great Lakes expedition itineraries traversing the Soo Locks and multiple U.S./Canadian ports.,Active,SRC_0166,2026-09-07
COMP_PONANT,Ponant,Cruise company,,France,Cruise operator,Expedition cruise,,,One of seven cruise lines scheduled for the Great Lakes in 2026.,Active,SRC_0163,2026-09-07
COMP_HAPAG_LLOYD_CRUISES,Hapag-Lloyd Cruises,Cruise company,,Germany,Cruise operator,Expedition cruise,,,Hanseatic Inspiration scheduled in the Great Lakes/St. Lawrence in 2026.,Active,SRC_0163,2026-09-07
COMP_AMERICAN_CRUISE,American Cruise Lines,Cruise company,,United States,Cruise operator,U.S. small-ship cruise,,,Entered Great Lakes market in 2026 with American Patriot.,Active,SRC_0163,2026-09-07
COMP_ST_LAWRENCE_CRUISE,St. Lawrence Cruise Lines,Cruise company,,Canada,Cruise operator,St. Lawrence / Great Lakes small-ship cruise,,,Canadian Empress scheduled in the 2026 Great Lakes/St. Lawrence market.,Active,SRC_0163,2026-09-07
COMP_EUREKA_SHIPPING,Eureka Shipping,Joint venture / vessel owner,,,CSL + SMT Shipping joint venture,Cement carriers,,,Owns Tamarack; CSL manages the vessel through its Canadian division.,Active,SRC_0168,2026-09-07
COMP_SMT_SHIPPING,SMT Shipping,Company,,,Private,Dry bulk; cement shipping,,,Joint-venture partner with CSL in Eureka Shipping.,Active,SRC_0168,2026-09-07
COMP_ALGOMA_TANKERS,Algoma Tankers Chartering Limited,Company / operator,,Canada,Algoma-associated operator,Product / chemical tankers,,,Manager/operator named on Algoma East Coast specification sheet.,Active,SRC_0171,2026-09-07
COMP_FUNDY_TANKERS,Fundy Tankers Ltd.,Vessel-owning company,,Canada,Vessel-owning entity,Product / chemical tankers,,,Registered owner shown for Algoma East Coast; wider control relationship remains to be separately verified.,Active,SRC_0172,2026-09-07
COMP_LOWER_LAKES,Lower Lakes Towing,Company,,Canada,,Great Lakes bulk shipping,,,Great Lakes operator appearing in Michigan regulator records.,Active,SRC_0167,2026-09-07
COMP_KEY_LAKES,"Key Lakes, Inc.",Company / vessel operator,,United States,,Great Lakes bulk shipping,,,Operator appearing in Michigan regulator records; connected to CN Great Lakes Fleet at the system level.,Active,SRC_0167,2026-09-07
COMP_LAKE_MICHIGAN_CARFERRY,Lake Michigan Carferry,Company / ferry operator,"Ludington, Michigan",United States,Private,Passenger ferry; vehicle ferry; freight ferry,,,Operator of SS Badger in Michigan regulator records.,Active,SRC_0167,2026-09-07
COMP_BROOKFIELD_AM,Brookfield Asset Management,Investment manager,Toronto,Canada,Public alternative asset manager,Infrastructure; real estate; renewable power; private equity; credit,,,Parent investment platform for Brookfield-managed infrastructure and real-asset strategies,Active,SRC_0255,2026-09-07
COMP_BROOKFIELD_INFRA,Brookfield Infrastructure Partners,Infrastructure investor / operator,Hamilton,Bermuda,Brookfield-managed listed infrastructure partnership,Transport; utilities; midstream; data; ports; rail; logistics,,,Retained 25% interest in UK port operation after October 2025 partial disposition,Active,SRC_0255,2026-09-07
COMP_KKR,KKR & Co. Inc.,Alternative investment manager,New York,United States,Public alternative asset manager,Private equity; infrastructure; real estate; credit; insurance,,,Relevant to port-adjacent logistics real estate and infrastructure investment,Active,SRC_0263,2026-09-07
COMP_MIRASTAR,Mirastar,Logistics real estate platform,London,United Kingdom,KKR Real Estate industrial/logistics platform in Europe,Logistics development; investment; asset management,,,KKR/Mirastar manages approx. EUR2.7bn AUM across major European logistics markets,Active,SRC_0263,2026-09-07
COMP_STONEPEAK,Stonepeak,Infrastructure / real assets investor,New York,United States,Private alternative investment firm,Transport & logistics; real estate; digital; energy; social infrastructure,,,Current port exposure includes United Ports and GeelongPort; logistics real estate includes rail-served assets,Active,SRC_0285,2026-09-07
COMP_BLACKROCK,"BlackRock, Inc.",Asset manager,New York,United States,Public asset manager,Infrastructure; public markets; private markets; technology,,,Completed acquisition of Global Infrastructure Partners in October 2024,Active,SRC_0258,2026-09-07
COMP_GIP,Global Infrastructure Partners,Infrastructure investment platform,New York,United States,Part of BlackRock,Transport; energy; digital; water; waste,Bayo Ogunlesi,Chairman & CEO,Portfolio has included Peel Ports and Port of Melbourne; BlackRock infrastructure platform,Active,SRC_0259,2026-09-07
COMP_MACQUARIE_AM,Macquarie Asset Management,Asset / infrastructure manager,Sydney,Australia,Part of Macquarie Group,Infrastructure; real estate; private markets; transport,,,Manages U.S. port terminal assets including International Transportation Service,Active,SRC_0260,2026-09-07
COMP_IFM,IFM Investors,Infrastructure investment manager,Melbourne,Australia,Investor-owned global fund manager,Infrastructure; debt; listed equities; private equity,,,Infrastructure portfolio includes 9 ports in 5 countries as at 30 June 2026,Active,SRC_0262,2026-09-07
COMP_BLACKSTONE,Blackstone Inc.,Alternative investment manager,New York,United States,Public alternative asset manager,Real estate; private equity; credit; infrastructure,,,Logistics is approximately 40% of global real-estate exposure in 2026,Active,SRC_0265,2026-09-07
COMP_PROXITY,Proxity,Logistics real estate platform,Frankfurt,Germany,Assets owned by Blackstone-managed real-estate funds,Logistics warehouses; development; pan-European real estate,,,Launched in 2025 with about 500 properties and development projects totaling >7m sqm,Active,SRC_0264,2026-09-07
COMP_PROLOGIS,"Prologis, Inc.",Logistics real estate company,San Francisco,United States,Public REIT / logistics real estate platform,Logistics real estate; development; strategic capital; energy/digital infrastructure,,,Approx. 1.3bn sq ft in 20 countries at 30 June 2026,Active,SRC_0266,2026-09-07
COMP_GIC,GIC,Sovereign institutional investor,Singapore,Singapore,Government of Singapore investment manager,Infrastructure; real estate; private equity; public markets,,,2026 logistics JV partner with Prologis in U.S. build-to-suit facilities,Active,SRC_0267,2026-09-07
COMP_LA_CAISSE,La Caisse (CDPQ),Institutional investor,Montreal,Canada,Québec institutional investor,Infrastructure; real estate; private equity; public markets,,,70% partner in 2026 Prologis Logistics Investment Venture Europe,Active,SRC_0268,2026-09-07
COMP_ESR,ESR Group,Real asset owner / manager,Hong Kong,Hong Kong SAR,Private real asset platform,Logistics real estate; industrial; data centres; fund management,,,US$77.3bn total AUM at 31 Dec 2025; APAC logistics and industrial focus,Active,SRC_0269,2026-09-07
COMP_CIC,China Investment Corporation,Sovereign wealth fund,Beijing,China,Chinese sovereign wealth fund,Global investments; real estate; infrastructure,,,Majority owner of Logicor,Active,SRC_0270,2026-09-07
COMP_LOGICOR,Logicor,Logistics real estate company,London / Luxembourg,United Kingdom / Luxembourg,Majority owned by CIC,European logistics real estate; development; asset management,,,Leading European logistics real estate platform,Active,SRC_0270,2026-09-07
COMP_CARESUPER,CareSuper,Superannuation fund,Melbourne,Australia,Australian industry super fund,Institutional investment; infrastructure; real assets,,,30% co-owner of GeelongPort alongside Stonepeak,Active,SRC_0257,2026-09-07
COMP_UNITED_PORTS,United Ports LLC,Port infrastructure joint venture,United States,United States,75% CMA CGM / 25% Stonepeak,Port terminal investment and development,,,Portfolio of 9 major CMA CGM-operated terminals across five countries; expansion pipeline,Active,SRC_0256,2026-09-07
COMP_GEELONGPORT,GeelongPort Pty Limited,Port company,North Geelong,Australia,70% Stonepeak / 30% CareSuper,Landlord port; bulk; breakbulk; infrastructure,Brett Winter,CEO,Victoria diversified landlord port with 15 berths across Corio Quay and Lascelles Wharf,Active,SRC_0257,2026-09-07
COMP_ITS,International Transportation Service,Container terminal company,Long Beach,United States,Macquarie Asset Management portfolio company,Container terminals; port infrastructure,Kim Holtermand,CEO,Portfolio includes Long Beach ITS and Tacoma Husky terminal,Active,SRC_0260,2026-09-07
COMP_PLP,PLP,Logistics real estate developer / manager,London,United Kingdom,Institutional-capital-backed logistics platform,Logistics development; investment management; industrial real estate,,,Seller of four UK logistics assets to KKR/Mirastar in July 2026,Active,SRC_0263,2026-09-07
COMP_PLIVE,Prologis Logistics Investment Venture Europe,Logistics real estate joint venture,,Europe,70% La Caisse / 30% Prologis,Logistics property acquisition; development; operations,,,"EUR1bn seed portfolio across France, Germany, Netherlands, Sweden and UK",Active,SRC_0268,2026-09-07
COMP_TBILISI_DRY_PORT,Tbilisi Dry Port LLC,Dry-port / inland terminal company,Tbilisi,Georgia,60% AD Ports Group; other shareholders include Wilhelmsen Port Services Georgia and Inveco LLC,Dry port; inland terminal; warehousing; 3PL; customs; rail-road intermodal,,,Operator/developer of Tbilisi Intermodal Hub / Tbilisi Dry Port,Active,SRC_0282,2026-09-07
COMP_WILHELMSEN_PORT_SERVICES,Wilhelmsen Port Services,Port services company,Lysaker,Norway,Part of Wilhelmsen group,Port agency; marine products; logistics / port services,,,Tbilisi Dry Port JV partner via Wilhelmsen Port Services Georgia,Active,SRC_0282,2026-09-07
COMP_INVECO,Inveco LLC,Investment / project company,Tbilisi,Georgia,Private,Infrastructure / logistics investment,,,Tbilisi Dry Port JV partner,Active,SRC_0282,2026-09-07
COMP_CENTREPORT,CentrePort Canada Inc.,Inland port / economic development corporation,Winnipeg,Canada,Public-private inland-port development entity,Inland port; industrial land; logistics; FTZ; rail/air/truck connectivity,,,"20,000-acre trimodal inland port and Foreign Trade Zone",Active,SRC_0271,2026-09-07
COMP_ETIHAD_RAIL,Etihad Rail,Rail infrastructure / freight operator,Abu Dhabi,United Arab Emirates,UAE national rail company,Freight rail; passenger rail; logistics terminals; dry ports,,,Operator of UAE National Rail Network; Al Ghail Dry Port rail terminal exposure,Active,SRC_0272,2026-09-07
COMP_KEZAD,KEZAD Group,Economic zones / industrial real estate operator,Abu Dhabi,United Arab Emirates,Part of AD Ports Group Economic Cities & Free Zones,Economic zones; free zones; industrial land; warehouses; logistics parks,,,UAE integrated economic-zone and industrial real-estate platform,Active,SRC_0275,2026-09-07
COMP_JAFZA,Jebel Ali Free Zone (JAFZA),Free zone / industrial-logistics real estate operator,Dubai,United Arab Emirates,Part of DP World UAE,Free zone; industrial land; warehouses; logistics; light manufacturing,,,"57 sq km integrated industrial, logistics and trade hub adjacent to Jebel Ali Port",Active,SRC_0273,2026-09-07
COMP_DHL_AG,DHL AG,Listed parent / logistics group,Bonn,Germany,Publicly listed,Express; Global Forwarding; Supply Chain; eCommerce; Post & Parcel Germany,Tobias Meyer,Chief Executive Officer,Global logistics group; operating divisions legally separated under DHL AG effective 1 Sep 2026.,Active,SRC_0288,2026-09-07
COMP_DHL_EXPRESS,DHL Express,Express logistics company / division,Bonn,Germany,Wholly owned by DHL AG,International express; air network; customs; road feeder,John Pearson,CEO DHL Express,>220 countries/territories; >275 dedicated aircraft within virtual-airline network.,Active,SRC_0290,2026-09-07
COMP_DHL_GLOBAL_FORWARDING,DHL Global Forwarding,Freight forwarding company / division,Bonn,Germany,Wholly owned by DHL AG,Air freight; ocean freight; rail; road; multimodal; customs,,,>115 countries; >200 terminals/storage facilities; asset-light forwarding model.,Active,SRC_0291,2026-09-07
COMP_DHL_SUPPLY_CHAIN,DHL Supply Chain,Contract logistics company / division,Bonn,Germany,Wholly owned by DHL AG,Contract logistics; warehousing; fulfillment; transport; 4PL,Hendrik Venter,CEO DHL Supply Chain,>55 countries; ~17.5m sqm owned/leased warehousing and operational space.,Active,SRC_0292,2026-09-07
COMP_DHL_ECOMMERCE,DHL eCommerce,Parcel / e-commerce logistics company / division,Bonn,Germany,Wholly owned by DHL AG,Parcel delivery; cross-border e-commerce; lockers; service points,,,">20 countries; >53,000 parcel lockers and >167,000 service points reported.",Active,SRC_0293,2026-09-07
COMP_DEUTSCHE_POST,Deutsche Post AG,Postal / parcel subsidiary,Bonn,Germany,Wholly owned by DHL AG,Post & Parcel Germany,,,German domestic mail and parcel business after 1 Sep 2026 reorganization.,Active,SRC_0288,2026-09-07
COMP_DHL_AVIATION,DHL Aviation,Air network platform,Bonn,Germany,DHL Group operating platform / airline network,Air cargo; dedicated and partner-airline capacity,,,">275 dedicated aircraft, 19 partner airlines, ~300 commercial carriers, >2,400 daily flights, 23 hubs.",Active,SRC_0290,2026-09-07
COMP_FEDEX_CORP,FedEx Corporation,Listed parent / logistics group,Memphis,United States,Publicly listed,Express; parcel; air cargo; ground; customs; supply chain,Raj Subramaniam,President & CEO,"Federal Express network: 700 aircraft, >180,000 motorized vehicles and ~84,000 drop-off locations.",Active,SRC_0297,2026-09-07
COMP_FEDERAL_EXPRESS,Federal Express Corporation,Integrated express carrier,Memphis,United States,FedEx Corporation,Air express; ground parcel; freight; customs; e-commerce logistics,,,Principal integrated operating company of FedEx; global air and surface network.,Active,SRC_0297,2026-09-07
COMP_FEDEX_SUPPLY_CHAIN,FedEx Supply Chain,Contract logistics company,Memphis,United States,FedEx Corporation; sale to CMA CGM/CEVA pending,Contract logistics; warehousing; fulfillment; returns,,,"Nearly 10,000 employees; proposed $1.4bn sale to CMA CGM announced 1 Jul 2026, expected close in 2026.",Active / transaction pending,SRC_0301,2026-09-07
COMP_FEDEX_FREIGHT,FedEx Freight Holding Company,Independent listed LTL company,Memphis,United States,Independent public company; FedEx retains 19.9% temporarily,Less-than-truckload freight; terminals; road network,,,">365 locations; ~355 terminals; nearly 30,000 motorized vehicles.",Active,SRC_0298,2026-09-07
COMP_AMAZON,"Amazon.com, Inc.",Listed technology / commerce / logistics group,Seattle,United States,Publicly listed,Retail; marketplace; cloud; logistics; freight; air cargo; fulfillment,Andy Jassy,President & CEO,Commerce platform with increasingly externalized multimodal logistics network.,Active,SRC_0302,2026-09-07
COMP_AMAZON_SUPPLY_CHAIN,Amazon Supply Chain Services,Service platform / business unit,Seattle,United States,"Amazon.com, Inc.",Freight; distribution; fulfillment; parcel shipping; inventory placement,,,"Opened Amazon logistics network to external businesses in May 2026 across ocean, air, ground and rail.",Active,SRC_0302,2026-09-07
COMP_AMAZON_GLOBAL_LOGISTICS,Amazon Global Logistics,Service platform / business unit,Seattle,United States,"Amazon.com, Inc.",International ocean freight; air freight; customs; origin pickup,,,Cross-border ocean and air freight platform connecting origins including China into Amazon networks.,Active,SRC_0304,2026-09-07
COMP_AMAZON_FREIGHT,Amazon Freight,Service platform / business unit,Seattle,United States,"Amazon.com, Inc.",FTL; LTL; intermodal; freight brokerage; trucking,,,"80,000+ trailers, 24,000+ intermodal containers, 50,000+ vetted carriers.",Active,SRC_0303,2026-09-07
COMP_AMAZON_AIR,Amazon Air,Air cargo network / business unit,Seattle,United States,"Amazon.com, Inc.",Air cargo; contracted airline operations; sortation hubs,,,100+ aircraft network; flagship CVG hub; uses contracted operating airlines.,Active,SRC_0302,2026-09-07
COMP_SUN_COUNTRY,Sun Country Airlines,Airline / cargo operator,Minneapolis,United States,Owned by Allegiant Travel Company since May 2026,Passenger airline; charter; Amazon cargo operations,,,Operates 22 B737-800 cargo aircraft on behalf of Amazon; aircraft subleased directly from Amazon.,Active,SRC_0307,2026-09-07
COMP_ALLEGIANT,Allegiant Travel Company,Listed airline / travel group,Las Vegas,United States,Publicly listed,Passenger airline; travel; Sun Country subsidiary,,,Acquired Sun Country on 13 May 2026; Amazon cargo ATSA continues within Sun Country operation.,Active,SRC_0307,2026-09-07
COMP_ADQ,Abu Dhabi Developmental Holding Company PJSC (ADQ),Sovereign investment company,Abu Dhabi,United Arab Emirates,Government of Abu Dhabi,Infrastructure; transport & logistics; energy; food; healthcare; finance,,,Strategic Abu Dhabi investor focused on infrastructure and supply chains; controls Aramex and majority-owns AD Ports Group.,Active,SRC_0308,2026-09-07
COMP_Q_LOGISTICS,Q Logistics Holding LLC,Acquisition / holding vehicle,Abu Dhabi,United Arab Emirates,Wholly owned indirect subsidiary of ADQ,Investment holding; acquisition vehicle,,,Used by ADQ for the Aramex tender offer; keep separate from operating logistics companies.,Active,SRC_0308,2026-09-07
COMP_ARAMEX,Aramex PJSC,Integrated logistics company,Dubai,United Arab Emirates,ADQ-controlled; aggregate ADQ ownership 63.16% including AD Ports stake,Express; freight forwarding; contract logistics; warehousing; e-commerce,Amadou Diallo,Group Chief Executive Officer,">65 countries; 60+ warehouse facilities in 29 countries; ~800,000 sqm managed warehouse space.",Active,SRC_0309,2026-09-07
,,,,,,,,,,,,
COMP_ATI,Air Transport International,Cargo airline / ACMI operator,"Wilmington, OH",United States,ATSG group,Air cargo; ACMI; Amazon contracted operations,,,Direct Amazon Air carrier partner.,Active,SRC_0325,2026-09-08
COMP_ABX_AIR,ABX Air,Cargo airline / ACMI operator,"Wilmington, OH",United States,ATSG group,Air cargo; ACMI; Amazon contracted operations,,,Direct Amazon Air carrier partner.,Active,SRC_0325,2026-09-08
COMP_21_AIR,21 Air,Cargo airline / ACMI operator,"Greensboro, NC",United States,Private,Air cargo; ACMI; Amazon contracted operations,,,Direct Amazon Air carrier partner.,Active,SRC_0325,2026-09-08
COMP_HAWAIIAN,Hawaiian Airlines,Airline / cargo operator,"Honolulu, HI",United States,Alaska Air Group,Passenger airline; cargo; Amazon contracted operations,,,Operates Amazon A330-300P2F program.,Active,SRC_0325,2026-09-08
COMP_CARGOJET,Cargojet Airways,Cargo airline,"Mississauga, ON",Canada,Publicly listed,Air cargo; ACMI; Amazon contracted operations,,,Direct Amazon Air carrier partner.,Active,SRC_0325,2026-09-08
COMP_ASL_IRELAND,ASL Airlines Ireland,Cargo airline,Dublin,Ireland,ASL Aviation Holdings,Air cargo; ACMI; Amazon contracted operations,,,Direct Amazon Air carrier partner.,Active,SRC_0325,2026-09-08
COMP_QUIKJET,Quikjet Cargo Airlines,Cargo airline,Bengaluru,India,Private,Air cargo; Amazon contracted operations,,,Direct Amazon Air carrier partner.,Active,SRC_0325,2026-09-08
COMP_MSC_AIR_CARGO,MSC Air Cargo,Air cargo business / airline platform,Geneva,Switzerland,MSC Group,Air cargo; Boeing 777 freighter network,,,Seven Boeing 777 freighters in current fleet.,Active,SRC_0333,2026-09-08
COMP_ATLAS_AIR,Atlas Air,Cargo airline / ACMI operator,"Purchase, NY",United States,Atlas Air Worldwide,Air cargo; ACMI; charter,,,Operating partner for branded cargo programs.,Active,SRC_0333,2026-09-08
COMP_ALISCARGO,AlisCargo Airlines / MSC Air,Cargo airline,Milan,Italy,MSC-controlled,Air cargo; MSC Air Cargo European AOC,,,MSC-controlled airline platform for Italian-registered MSC Air Cargo aircraft.,Active,SRC_0333,2026-09-08
COMP_CARGOLUX_ITALIA,Cargolux Italia,Cargo airline,Milan,Italy,Cargolux Group,Boeing 747 freighter operations,,,Four aircraft in Cargolux Group fleet.,Active,SRC_0327,2026-09-08
COMP_UPS,"United Parcel Service, Inc.",Integrated logistics group,"Atlanta, GA",United States,Publicly listed,Parcel; air cargo; ground; supply chain,,,Parent of UPS Airlines.,Active,SRC_0336,2026-09-08
COMP_UPS_AIRLINES,UPS Airlines,Cargo airline / operating division,"Louisville, KY",United States,"United Parcel Service, Inc.",Air cargo; express network,,,Primary UPS airline operating layer.,Active,SRC_0336,2026-09-08
COMP_AIR_BELGIUM,Air Belgium,Cargo airline / CMA CGM group platform,Brussels,Belgium,CMA CGM Group,Air cargo; Boeing 747-8F operations,,,Cargo operations integrated into CMA CGM air-cargo network.,Active / integrated,SRC_0332,2026-09-08
COMP_STENA_LINE,Stena Line,Ferry / Ro-Ro operator,Gothenburg,Sweden,Private / Stena group,Ro-Pax ferries; Ro-Ro; terminals; ferry routes,,,Major European ferry operator; Holyhead-Dublin exposure,Active,SRC_0340,2026-09-08
COMP_STENA_LINE_PORTS,Stena Line Ports,Port / terminal operator,,United Kingdom,Stena group,Ferry port and terminal operations,,,Holyhead terminal resilience and infrastructure works,Active,SRC_0340,2026-09-08
COMP_SAMSUNG_ELECTRONICS_AMERICA,Samsung Electronics America,Shipper / electronics company,"Ridgefield Park, NJ",United States,Samsung Electronics subsidiary,Electronics; importer; shipper,,,FMC claimant in major detention/demurrage dispute,Active,SRC_0341,2026-09-08
COMP_FMC,Federal Maritime Commission,Government regulator,"Washington, DC",United States,U.S. federal agency,Shipping regulation; adjudication,,,U.S. maritime competition and Shipping Act regulator,Active,SRC_0341,2026-09-08
COMP_ICTSI,"International Container Terminal Services, Inc. (ICTSI)",Global terminal operator,Manila,Philippines,Publicly listed,Ports; terminals; logistics,Enrique K. Razon Jr.,Chairman / President,34 terminals across 19 countries reported in cited article,Active,SRC_0354,2026-09-08
COMP_TLG,The Logistics Group (TLG),Integrated logistics group,,South Africa,Acquisition target; AIIM/Mokobela shareholders pre-close,Ports; bulk cargo; rail; warehousing; digital logistics,,,"Southern Africa logistics platform across South Africa, Mozambique and Namibia",Active / acquisition agreed,SRC_0354,2026-09-08
COMP_AIIM,African Infrastructure Investment Managers,Infrastructure investor,Cape Town,South Africa,Investment manager,Infrastructure investment,,,74% shareholder in TLG before ICTSI transaction,Active,SRC_0354,2026-09-08
COMP_MOKOBELA,Mokobela Shataki Proprietary Limited,Investment holding company,,South Africa,Private,Investment holding,,,26% shareholder in TLG before ICTSI transaction,Active,SRC_0354,2026-09-08
COMP_ROSNEFT,Rosneft,Integrated energy company,Moscow,Russia,State-controlled / public company,Oil; gas; pipelines; terminals,,,Developer of Vostok Oil and Bukhta Sever export system,Active,SRC_0343,2026-09-08
COMP_VOSTOK_OIL,Vostok Oil,Energy project / platform,,Russia,Rosneft project,Upstream oil; pipeline; Arctic export logistics,,,Linked to Bukhta Sever and Vankor-Payakha-Bukhta Sever pipeline,Development / ramp-up,SRC_0343,2026-09-08
COMP_CHCL,Cargo Handling Corporation Ltd (CHCL),Terminal operator,Port Louis,Mauritius,State-linked port cargo handler,Container terminal operations; cargo handling,,,Operator upgrading Mauritius Container Terminal equipment,Active,SRC_0344,2026-09-08
COMP_MPA_MAURITIUS,Mauritius Ports Authority,Port authority,Port Louis,Mauritius,Government authority,Port authority; infrastructure,None,,Authority for Port Louis,Active,SRC_0344,2026-09-08
COMP_PORT_OAKLAND,Port of Oakland,Port authority,"Oakland, CA",United States,Public port authority,Seaport; airport; commercial real estate,,,Sponsor of Oakland Harbor Turning Basins Widening Project,Active,SRC_0347,2026-09-08
COMP_USACE,U.S. Army Corps of Engineers,Government engineering agency,"Washington, DC",United States,U.S. federal agency,Navigation infrastructure; dredging; civil works,,,Federal partner on Oakland turning-basin project,Active,SRC_0347,2026-09-08
COMP_AUSTAL,Austal Limited,Shipbuilder,"Henderson, WA",Australia,Publicly listed,Naval and commercial shipbuilding,,,Parent of Austal USA,Active,SRC_0348,2026-09-08
COMP_AUSTAL_USA,Austal USA,Defense shipbuilder,"Mobile, AL",United States,Austal Limited subsidiary,Naval shipbuilding; repair; modules,,,Strategic U.S. shipbuilding platform subject to acquisition interest,Active / strategic review,SRC_0348,2026-09-08
COMP_WILDCAT_INFRA,Wildcat Infrastructure,Infrastructure investment firm,,United States,Private,Critical infrastructure; defense investment,,,Preliminary interest in Austal USA,Active,SRC_0348,2026-09-08
COMP_HANWHA_GROUP,Hanwha Group,Industrial / defense group,Seoul,South Korea,Private/public group structure,Defense; shipbuilding; aerospace; energy,,,Approved for due diligence on potential Austal USA acquisition,Active,SRC_0348,2026-09-08
COMP_PHIL_SPAN_ASIA,Philippine Span Asia Carrier Corp.,Domestic shipping company,,Philippines,Private,Inter-island container shipping,,,Operator of Span Asia 39,Active,SRC_0353,2026-09-08
COMP_BENZMARK,Benzmark Marine Shipyard,Shipyard / marine services,,Malaysia,Private,Ship repair; marine services,,,Johor facility linked to SMF Ixora incident,Active,SRC_0355,2026-09-08
COMP_ANP_URUGUAY,Administración Nacional de Puertos (ANP),Port authority,Montevideo,Uruguay,Government authority,Port administration,,,Port authority involved in Alpha Crux response,Active,SRC_0356,2026-09-08
COMP_IDERNOL,Idernol Oriental Shipping,Shipping agency,,Uruguay,Private,Shipping agency,,,Agency linked to Alpha Crux response,Active,SRC_0356,2026-09-08
COMP_NUEVA_ERA_OSRO,Nueva Era Oil Spill Response Organization,Marine environmental response company,,Uruguay,Private,Oil-spill response; marine environmental services,,,Deployed containment and pumping equipment at Alpha Crux casualty,Active,SRC_0356,2026-09-08
COMP_YEMEN_COAST_GUARD,Yemen Coast Guard,Government maritime security organization,Aden,Yemen,Internationally recognized government,Coast guard; maritime enforcement,,,Interdiction actor in Nereida case,Active,SRC_0349,2026-09-08
COMP_BUSAN_PA,Busan Port Authority,Port authority,Busan,South Korea,State-owned authority,Port governance and operations,,,Named in proposed/approved Korean port-authority integration,Active / restructuring,SRC_0345,2026-09-08
COMP_INCHEON_PA,Incheon Port Authority,Port authority,Incheon,South Korea,State-owned authority,Port governance and operations,,,Named in proposed/approved Korean port-authority integration,Active / restructuring,SRC_0345,2026-09-08
COMP_ULSAN_PA,Ulsan Port Authority,Port authority,Ulsan,South Korea,State-owned authority,Port governance and operations,,,Named in proposed/approved Korean port-authority integration,Active / restructuring,SRC_0345,2026-09-08
COMP_YEOSU_GWANGYANG_PA,Yeosu Gwangyang Port Authority,Port authority,Gwangyang,South Korea,State-owned authority,Port governance and operations,,,Named in proposed/approved Korean port-authority integration,Active / restructuring,SRC_0345,2026-09-08
COMP_KOREA_PORT_AUTHORITY,Korea Port Authority (proposed integrated organization),Port authority / proposed national body,Seoul,South Korea,Government,National port governance,,,Proposed/announced integration vehicle; verify implementation status against primary sources,Proposed / developing,SRC_0345,2026-09-08
COMP_PSA,PSA International,Global port / terminal operator,Singapore,Singapore,Temasek-linked,Container terminals; ports; intermodal logistics,,,"Global public network includes terminals across Asia, Europe, Middle East and the Americas",Active,SRC_0360,2026-09-08
COMP_CM_PORT,China Merchants Port Holdings / China Merchants Port Group,Global port operator / investor,Hong Kong / Shenzhen,China,China Merchants Group,Ports; container terminals; port-industrial ecosystems,,,"Global portfolio including Western Shenzhen, Sri Lanka, Africa, Europe and Latin America",Active,SRC_0365,2026-09-08
COMP_SSA_MARINE,SSA Marine,Marine terminal operator,Seattle,United States,Carrix group,Container; conventional cargo; cruise; stevedoring,,,Large Americas-focused terminal and stevedoring footprint with selected international terminals,Active,SRC_0368,2026-09-08
COMP_EUROGATE,EUROGATE,Container terminal operator,Bremen,Germany,EUROKAI / BLG structure,Container terminals; intermodal rail; port logistics,,,German terminals plus Mediterranean network through partner/group structures,Active,SRC_0372,2026-09-08
COMP_HHLA,Hamburger Hafen und Logistik AG (HHLA),Port and logistics operator,Hamburg,Germany,Public / strategic Hamburg-MSC ownership structure,Container terminals; rail; intermodal; port logistics,,,"Seaport terminals in Hamburg, Tallinn, Trieste and Odesa plus specialist terminals",Active,SRC_0374,2026-09-08
COMP_DICT,"Davao International Container Terminal, Inc.",Container terminal operator,Panabo / Davao del Norte,Philippines,ANFLOCOR Group,Container terminal; stevedoring; agro-industrial gateway,,,Operator of Davao International Container Terminal in Panabo,Active,SRC_0375,2026-09-08
COMP_VODOLEY,LLC Vodoley,Fishing vessel owner / operator,,Russia,Private,Fishing vessel ownership / operations,,,Owner/operator of ALPHA CRUX in CCAMLR record,Active,SRC_0377,2026-09-08
COMP_TERMINAL_LINK,Terminal Link,Terminal operating company,Marseille,France,51% CMA Terminals Holding / 49% China Merchants Port,Container terminals; port operations,,,21-terminal network in 16 countries; physical terminals canonicalized separately from portfolio ownership.,Active,SRC_0318,2026-09-08
COMP_HAFEET_RAIL,Hafeet Rail,Cross-border railway infrastructure JV,Abu Dhabi / Muscat,UAE / Oman,"JV: Etihad Rail, Oman Rail, Mubadala",Rail infrastructure; freight; passenger,,,238 km cross-border railway,Active,SRC_0383,2026-09-08
COMP_OMAN_RAIL,Oman Rail,National rail infrastructure company,Muscat,Oman,State rail platform,Rail infrastructure,,,Hafeet Rail partner,Active,SRC_0383,2026-09-08
COMP_MUBADALA,Mubadala Investment Company,Sovereign investment company,Abu Dhabi,United Arab Emirates,Government of Abu Dhabi,Infrastructure investment,,,Hafeet Rail partner,Active,SRC_0383,2026-09-08
COMP_SAR,Saudi Arabia Railways (SAR),National railway owner / operator,Riyadh,Saudi Arabia,Wholly owned by PIF,Rail infrastructure; freight; passenger; dry ports,,,Saudi national intercity rail,Active,SRC_0385,2026-09-08
COMP_GEORGIAN_RAILWAY,Georgian Railway,National railway company,Tbilisi,Georgia,State-owned,Freight; passenger; transit,,,Middle Corridor / BTK,Active,SRC_0387,2026-09-08
COMP_ADY,Azerbaijan Railways (ADY),National railway company,Baku,Azerbaijan,State-owned,Freight; passenger; transit,,,Middle Corridor / BTK,Active,SRC_0386,2026-09-08
COMP_KTZ,Kazakhstan Temir Zholy (KTZ),National railway and logistics group,Astana,Kazakhstan,State-owned,Freight; passenger; logistics,,,Middle Corridor,Active,SRC_0386,2026-09-08
COMP_TCDD,Turkish State Railways (TCDD),National railway infrastructure operator,Ankara,Türkiye,State-owned,Rail infrastructure,,,BTK / Europe link,Active,SRC_0386,2026-09-08
COMP_CPKC,Canadian Pacific Kansas City (CPKC),Class I railway,Calgary,Canada,Publicly listed,Freight rail; intermodal; ports,,,"~20,000 route miles",Active,SRC_0392,2026-09-08
COMP_BNSF,BNSF Railway,Class I railway,Fort Worth,United States,Berkshire Hathaway,Freight rail; intermodal,,,Western US,Active,SRC_0394,2026-09-08
COMP_UNION_PACIFIC,Union Pacific Railroad,Class I railway,Omaha,United States,Union Pacific Corporation,Freight rail; intermodal,,,Western US,Active,SRC_0395,2026-09-08
COMP_CSX,CSX Transportation,Class I railway,Jacksonville,United States,CSX Corporation,Freight rail; intermodal,,,Eastern US / SMX partner,Active,SRC_0392,2026-09-08
COMP_NORFOLK_SOUTHERN,Norfolk Southern Railway,Class I railway,Atlanta,United States,Norfolk Southern Corporation,Freight rail; intermodal; ports,,,"19,200 route miles; 43 ports",Active,SRC_0396,2026-09-08
COMP_ACTA,Alameda Corridor Transportation Authority,Rail corridor authority,Los Angeles,United States,Joint powers authority,Port rail infrastructure,,,LA/LB corridor,Active,SRC_0393,2026-09-08
COMP_TRANSNET_FREIGHT_RAIL,Transnet Freight Rail,National freight railway division,Johannesburg,South Africa,Transnet SOC Ltd,Freight rail; export corridors,,,Durban/Richards Bay,Active,SRC_0398,2026-09-08
COMP_ONCF,ONCF,National railway operator,Rabat,Morocco,State-owned,Freight; passenger; intermodal,,,Tanger Med rail access,Active,SRC_0400,2026-09-08
COMP_METRANS,METRANS,Intermodal rail operator,Prague,Czech Republic,Wholly owned by HHLA,Intermodal rail; terminals,,,"20 terminals; 190+ locos; 4,000+ railcars",Active,SRC_0401,2026-09-08
COMP_CONCOR,Container Corporation of India (CONCOR),Intermodal rail / terminal operator,New Delhi,India,Government of India enterprise,Container rail; inland terminals,,,193 listed rail-terminal locations,Active,SRC_0405,2026-09-08
COMP_DFCCIL,Dedicated Freight Corridor Corporation of India Ltd. (DFCCIL),Freight rail infrastructure company,New Delhi,India,Government / Ministry of Railways,Dedicated freight rail,,,Western/Eastern DFC,Active,SRC_0406,2026-09-08
COMP_INDIAN_RAILWAYS,Indian Railways,National railway system,New Delhi,India,Government of India,Rail infrastructure; freight; passenger,,,National rail system,Active,SRC_0406,2026-09-08
COMP_HAMBURG_PORT_AUTHORITY,Hamburg Port Authority,Port infrastructure authority,Hamburg,Germany,Public authority,Port infrastructure; port railway,,,Hamburg Port Railway,Active,SRC_0403,2026-09-08
