Connection ID,Source Asset ID,Source Asset,Target Entity / Asset ID,Target / Node,Target Type,Mode,Relationship,Corridor ID,Commodity / Traffic,Status,Source ID,Source URL,Notes
ICONN_0001,ASSET081,Tbilisi Intermodal Hub,,Port of Batumi,Seaport,Rail,Direct block-train / inland-port extension,CORRIDOR_MIDDLE,Containers,Active,SRC_0278,https://www.tbilisidryport.com/infrastructure-facilities/,First soft-launch shipment arrived by rail from an MSC vessel at Batumi.
ICONN_0002,ASSET081,Tbilisi Intermodal Hub,,Port of Poti,Seaport,Rail,Direct block-train / inland-port extension,CORRIDOR_MIDDLE,Containers,Active,SRC_0278,https://www.tbilisidryport.com/infrastructure-facilities/,
ICONN_0003,ASSET081,Tbilisi Intermodal Hub,,Azerbaijan / Caspian ports,Regional gateway,Rail,Eastward corridor connection,CORRIDOR_MIDDLE,Containers; transit cargo,Active,SRC_0277,https://www.adportsgroup.com/en/news-and-media/2024/08/15/ad-ports-group-completes-tbilisi-dry-port-acquisition-to-become-majority-owner,
ICONN_0004,ASSET081,Tbilisi Intermodal Hub,,Armenia,Country / inland market,Rail / Road,Regional transshipment connection,CORRIDOR_MIDDLE,Containers; general cargo,Active,SRC_0278,https://www.tbilisidryport.com/infrastructure-facilities/,
ICONN_0005,ASSET081,Tbilisi Intermodal Hub,,Middle Corridor,Trade corridor,Rail / Road / Maritime,Strategic inland node,CORRIDOR_MIDDLE,Asia-Europe container flows,Active,SRC_0279,https://wpvip.adportsgroup.com/adportsgroup/news-and-media/2025/06/03/ad-ports-group-inaugurates-tbilisi-intermodal-hub-in-georgia/,Links AD Ports maritime/terminal footprint with overland Central Asian strategy.
ICONN_0006,ASSET082,Al Faya Dry Port,,Khalifa Port,Seaport,Road,Bonded inland extension / cargo transit,CORRIDOR_UAE_RAIL,Containers / O&D cargo,Active,SRC_0287,https://www.adportsgroup.com/-/media/sites/adports/investors/2025/downloads/adpg-earnings-presentation-q2-2025.pdf?rev=171f736cc8ea44f4a3c70650630e217e,Anchored by CMA CGM.
ICONN_0007,ASSET082,Al Faya Dry Port,,UAE inland O&D destinations,Inland market,Road,Bonded inland distribution,CORRIDOR_UAE_RAIL,Containers,Active,SRC_0280,https://www.adportsgroup.com/en/news-and-media/2026/06/18/ad-ports-group-enhances-al-faya-dry-ports-integration-with-the-global-trade-and-logistics-ecosystem,
ICONN_0008,ASSET083,Al Ghail Dry Port,,RAK / Fujairah quarries,Industrial origin,Road / Rail,Aggregate collection and rail transfer,CORRIDOR_UAE_RAIL,Aggregates,Active,SRC_0272,https://corporate.etihadrail.ae/en/newsroom/press/etihad-rail-and-trojan-general-contracting-sign-haulage-services-agreement-for-transportation-of-aggregates,
ICONN_0009,ASSET083,Al Ghail Dry Port,,Industrial City of Abu Dhabi (ICAD),Industrial zone,Rail,Destination rail service,CORRIDOR_UAE_RAIL,Aggregates,Active,SRC_0272,https://corporate.etihadrail.ae/en/newsroom/press/etihad-rail-and-trojan-general-contracting-sign-haulage-services-agreement-for-transportation-of-aggregates,
ICONN_0010,ASSET083,Al Ghail Dry Port,,Dubai Industrial City,Industrial zone,Rail,Destination rail service,CORRIDOR_UAE_RAIL,Aggregates,Active,SRC_0272,https://corporate.etihadrail.ae/en/newsroom/press/etihad-rail-and-trojan-general-contracting-sign-haulage-services-agreement-for-transportation-of-aggregates,
ICONN_0011,ASSET084,CentrePort Canada,,CPKC / CN / BNSF,Rail networks,Rail,Three-Class-I railway access,CORRIDOR_MIDCONTINENT,Containers; bulk; industrial goods,Active,SRC_0271,https://centreportcanada.ca/about-centreport/,
ICONN_0012,ASSET084,CentrePort Canada,,Winnipeg Richardson International Airport,Cargo airport,Air Cargo,On-site / adjacent air-cargo gateway,CORRIDOR_MIDCONTINENT,Air cargo,Active,SRC_0271,https://centreportcanada.ca/about-centreport/,
ICONN_0013,ASSET084,CentrePort Canada,,Port of Churchill,Seaport / Arctic gateway,Rail / Road,Northern gateway connection,CORRIDOR_MIDCONTINENT,Bulk; northern supply; export cargo,Active / strategic,SRC_0271,https://centreportcanada.ca/about-centreport/,Connect to existing Churchill / Arctic research workstream.
ICONN_0014,ASSET084,CentrePort Canada,,Vancouver / Prince Rupert,Pacific seaports,Rail,Westbound gateway connection,CORRIDOR_MIDCONTINENT,Containers; international trade,Active,SRC_0271,https://centreportcanada.ca/about-centreport/,
ICONN_0015,ASSET084,CentrePort Canada,,Thunder Bay / Montreal / Halifax,Great Lakes / Atlantic gateways,Rail / Road,Eastbound gateway connection,CORRIDOR_MIDCONTINENT,Containers; bulk; international trade,Active,SRC_0271,https://centreportcanada.ca/about-centreport/,
ICONN_0016,ASSET084,CentrePort Canada,,Houston / New Orleans / Manzanillo / Lazaro Cardenas,U.S./Mexico seaports,Rail / Road,Southbound continental gateway connection,CORRIDOR_MIDCONTINENT,Containers; industrial goods,Active,SRC_0271,https://centreportcanada.ca/about-centreport/,
ICONN_0017,ASSET085,JAFZA,,Jebel Ali Port,Seaport,Road / Port,Adjacent integrated free-zone / port system,,Containers; manufacturing inputs; re-exports,Active,SRC_0273,https://www.jafza.ae/offerings/,Economic-zone real estate should be queried with the seaport rather than as standalone property.
ICONN_0018,ASSET087,KEZAD economic-zones ecosystem,,Khalifa Port,Seaport,Road / Port,Integrated economic-zone / port system,CORRIDOR_UAE_RAIL,Industrial cargo; containers,Active,SRC_0275,https://www.kezadgroup.com/,
ICONN_0019,ASSET087,KEZAD economic-zones ecosystem,COMP_ETIHAD_RAIL,Etihad Rail,Rail network,Rail,Economic-zone / national rail connectivity,CORRIDOR_UAE_RAIL,Industrial cargo,Active / expanding,SRC_0276,https://www.adportsgroup.com/-/media/sites/adports/investors/2025/downloads/adpg--2025-capital-market-day-consolidated.pdf?rev=-1,
ICONN_0020,ASSET088,KEZAD East Port Said Economic Zone,,East Port Said / Suez Canal system,Port / maritime corridor,Road / Port,Port-linked industrial and logistics zone,CORRIDOR_SUEZ,Industrial cargo; containers,Development,SRC_0281,https://www.adportsgroup.com/-/media/sites/adports/investors/2025/downloads/adpg-earnings-presentation-q3-2025.pdf?rev=-1,
ICONN_0021,ASSET078,Fort Worth rail-served logistics asset,,BNSF Alliance intermodal terminal,Rail terminal,Rail,Rail-served logistics adjacency,CORRIDOR_MIDCONTINENT,Intermodal cargo,Active,SRC_0285,https://stonepeak.com/news/stonepeak-acquires-rail-served-logistics-asset-in-fort-worth-texas,
ICONN_0022,ASSET078,Fort Worth rail-served logistics asset,,Fort Worth Alliance cargo airport,Cargo airport,Air Cargo / Road,Cargo-airport adjacency,CORRIDOR_MIDCONTINENT,Air cargo / logistics,Active,SRC_0285,https://stonepeak.com/news/stonepeak-acquires-rail-served-logistics-asset-in-fort-worth-texas,
ICONN_0023,ASSET078,Fort Worth rail-served logistics asset,,I-35 / NAFTA highway,Road corridor,Road,Direct corridor access,CORRIDOR_MIDCONTINENT,Truck freight,Active,SRC_0285,https://stonepeak.com/news/stonepeak-acquires-rail-served-logistics-asset-in-fort-worth-texas,Links Mexico-Canada trucking corridor.
ICONN_0024,ASSET090,DHL Express Leipzig Global Hub,,Leipzig/Halle Airport (LEJ),Airport,Air Cargo,Located at / operates through,,Express parcels; international air freight,Active,SRC_0294,https://group.dhl.com/en/media-relations/press-releases/2024/dhl-extends-partnership-with-mitteldeutsche-flughafen-ag-until-2053.html,Largest of DHL's three global hubs.
ICONN_0025,ASSET091,DHL Express Hong Kong Central Asia Hub,,Hong Kong International Airport (HKG),Airport,Air Cargo,Located at / operates through,,Express parcels; Asia-Europe / trans-Pacific air cargo,Active,SRC_0295,https://group.dhl.com/en/media-relations/press-releases/2023/dhl-express-opens-newly-expanded-global-hub-in-hong-kong.html,
ICONN_0026,ASSET092,DHL Supply Chain Halle Logistics Center,ASSET090,DHL Express Leipzig Global Hub,Air cargo hub,Road / Air Cargo / Logistics,Proximate logistics feeder / distribution connection,,Contract logistics; express / air cargo,Active,SRC_0316,https://group.dhl.com/en/media-relations/press-releases/2025/dhl-supply-chain-invests-in-climate-neutral-expansion-new-logistics-center-strengthens-leipzig-halle-as-europes-freight-hub.html,
ICONN_0027,ASSET093,DHL Supply Chain SILZ Regional Hub,,King Khalid International Airport (RUH),Airport,Air Cargo / Road,~8 km airport adjacency via bonded corridor,,Imports; exports; e-commerce; regional distribution,Development,SRC_0296,https://group.dhl.com/en/media-relations/press-releases/2025/dhl-supply-chain-to-invest-eur-130-million-in-new-warehouse-at-saudi-arabia.html,
ICONN_0028,ASSET093,DHL Supply Chain SILZ Regional Hub,,Special Integrated Logistics Zone (SILZ),Economic / logistics zone,Logistics / Customs,Anchor-tenant / 26-year land lease,,Bonded logistics; regional distribution,Development,SRC_0296,https://group.dhl.com/en/media-relations/press-releases/2025/dhl-supply-chain-to-invest-eur-130-million-in-new-warehouse-at-saudi-arabia.html,
ICONN_0029,ASSET094,FedEx Memphis World Hub,,Memphis International Airport (MEM),Airport,Air Cargo,Located at / primary world hub,,Express; international and domestic cargo,Active,SRC_0297,https://www.sec.gov/Archives/edgar/data/1048911/000104891126000105/fdx-20260531.htm,
ICONN_0030,ASSET095,FedEx Indianapolis National Hub,,Indianapolis International Airport (IND),Airport,Air Cargo,Located at / national hub,,Express; domestic cargo,Active,SRC_0297,https://www.sec.gov/Archives/edgar/data/1048911/000104891126000105/fdx-20260531.htm,
ICONN_0031,ASSET096,FedEx Delhi Integrated Air Cargo Hub,,Delhi Indira Gandhi International Airport (DEL),Airport,Air Cargo / Road,Located at GMR Cargo City / integrated gateway,,International express; North and East India cargo,Development,SRC_0300,https://newsroom.fedex.com/newsroom/global/fedex-announces-plans-to-develop-new-integrated-air-cargo-hub-at-gmr-cargo-city-delhi-airport,
ICONN_0032,ASSET097,Amazon Air CVG Hub,,Cincinnati/Northern Kentucky International Airport (CVG),Airport,Air Cargo / Road,Located at / flagship air hub,,Amazon parcels; fulfilment replenishment; external logistics traffic,Active,SRC_0305,https://press.aboutamazon.com/2026/8/amazon-celebrates-5-year-milestone-at-its-largest-field-operation,
ICONN_0033,ASSET098,Aramex Healthcare Warehouse - Dubai Logistics City,,Dubai Logistics City / DWC Free Zone,Free zone / logistics zone,Logistics / Customs,Located in / duty-free logistics zone,,Healthcare; pharmaceuticals; medical devices,Active,SRC_0315,https://www.aramex.com/ae/en/best-in-class-logistic-solutions-for-multi-faceted-industries/sciences-and-pharmaceutical-distribution,
ICONN_0034,ASSET098,Aramex Healthcare Warehouse - Dubai Logistics City,,Al Maktoum International Airport (DWC),Airport,Air Cargo / Road,Airport / cargo gateway adjacency,,Healthcare / express / freight,Active,SRC_0315,https://www.aramex.com/ae/en/best-in-class-logistic-solutions-for-multi-faceted-industries/sciences-and-pharmaceutical-distribution,
