Company ID,Operator,Canonical Terminal / Facility Rows,Countries Represented,Country List,As Of,Notes
COMP_PSA,PSA,35,17,Belgium; Canada; China; Colombia; India; Indonesia; Italy; Panama; Poland; Portugal; Saudi Arabia; Singapore; South Korea; Thailand; Türkiye; United States; Vietnam,2026-09-08,v1.16 canonical operator-network coverage; shared/JV terminals may also have ownership edges under other operators.
COMP_HUTCHISON,Hutchison Ports,58,25,"Australia; Bahamas; Belgium; China; Egypt; Germany; Hong Kong, China; Indonesia; Iraq; Malaysia; Mexico; Myanmar; Netherlands; Oman; Pakistan; Panama; Poland; Saudi Arabia; South Korea; Spain; Sweden; Thailand; United Arab Emirates; United Kingdom; Vietnam",2026-09-08,v1.16 canonical operator-network coverage; shared/JV terminals may also have ownership edges under other operators.
COMP_COSCO_PORTS,COSCO SHIPPING Ports,30,8,Belgium; China; Egypt; Greece; Singapore; South Korea; Türkiye; United States,2026-09-08,v1.16 canonical operator-network coverage; shared/JV terminals may also have ownership edges under other operators.
COMP_ICTSI,ICTSI,34,19,Argentina; Australia; Brazil; Cameroon; Colombia; Croatia; DR Congo; Ecuador; Georgia; Honduras; Indonesia; Iraq; Madagascar; Mexico; Nigeria; Papua New Guinea; Philippines; Poland; South Africa,2026-09-08,v1.16 canonical operator-network coverage; shared/JV terminals may also have ownership edges under other operators.
COMP_CM_PORT,China Merchants Port,8,5,Brazil; China; Djibouti; Nigeria; Sri Lanka,2026-09-08,v1.16 canonical operator-network coverage; shared/JV terminals may also have ownership edges under other operators.
COMP_GULFTAINER,Gulftainer,7,4,Iraq; Saudi Arabia; United Arab Emirates; United States,2026-09-08,v1.16 canonical operator-network coverage; shared/JV terminals may also have ownership edges under other operators.
COMP_SSA_MARINE,SSA Marine,81,8,Canada; Chile; Colombia; Costa Rica; Mexico; Panama; United States; Vietnam,2026-09-08,v1.16 canonical operator-network coverage; shared/JV terminals may also have ownership edges under other operators.
COMP_EUROGATE,EUROGATE,11,4,Egypt; Germany; Italy; Morocco,2026-09-08,v1.16 canonical operator-network coverage; shared/JV terminals may also have ownership edges under other operators.
COMP_HHLA,HHLA,10,4,Estonia; Germany; Italy; Ukraine,2026-09-08,v1.16 canonical operator-network coverage; shared/JV terminals may also have ownership edges under other operators.
