Vessel ID,Vessel Name,Owner Company ID,Owner Name,IMO,Verification Status,Confidence,Verified As Of,IMO Verification URL,Fleet Source ID,Vessel Status,Notes
VESSEL_00001,UGR Al Samha,COMP_UGR,United Global Ro-Ro,9973444,IMO populated — checksum valid,High,2026-09-07,https://www.vesselfinder.com/vessels/details/9973444,SRC_0060,Operating,IMO added in v1.3 enrichment pass.
VESSEL_00002,UGR Zakher,COMP_UGR,United Global Ro-Ro,9980411,IMO populated — checksum valid,High,2026-09-07,https://www.vesselfinder.com/vessels/details/9980411,SRC_0060,Operating,IMO added in v1.3 enrichment pass.
VESSEL_00003,UGR Al Reef,COMP_UGR,United Global Ro-Ro,9448138,IMO populated — checksum valid,High,2026-09-07,https://www.vesselfinder.com/vessels/details/9448138,SRC_0060,Operating,IMO added in v1.3 enrichment pass.
VESSEL_00004,Al Jubail,COMP_UGR,United Global Ro-Ro,9547219,IMO populated — checksum valid,High,2026-09-07,https://www.vesselfinder.com/vessels/details/9547219,SRC_0060,Operating,IMO added in v1.3 enrichment pass.
VESSEL_00005,Ramhan,COMP_UGR,United Global Ro-Ro,9668960,IMO populated — checksum valid,High,2026-09-07,https://www.vesselfinder.com/vessels/details/9668960,SRC_0060,Operating,IMO added in v1.3 enrichment pass.
VESSEL_00006,UGR Arabian Gulf,COMP_UGR,United Global Ro-Ro,9431836,IMO populated — checksum valid,High,2026-09-07,https://www.vesselfinder.com/vessels/details/9431836,SRC_0060,Operating,IMO added in v1.3 enrichment pass.
VESSEL_00007,Erk İzmir,COMP_UGR,United Global Ro-Ro,9179983,IMO populated — checksum valid,High,2026-09-07,https://www.vesselfinder.com/vessels/details/9179983,SRC_0060,Operating,IMO added in v1.3 enrichment pass.
VESSEL_00008,Abu Samrah,COMP_UGR,United Global Ro-Ro,9925655,IMO populated — checksum valid,High,2026-09-07,https://www.vesselfinder.com/vessels/details/9925655,SRC_0060,Operating,IMO added in v1.3 enrichment pass.
VESSEL_00009,UGR İstanbul,COMP_UGR,United Global Ro-Ro,9179995,IMO populated — checksum valid,High,2026-09-07,https://www.vesselfinder.com/vessels/details/9179995,SRC_0060,Operating,IMO added in v1.3 enrichment pass.
VESSEL_00010,Saffet Bey,COMP_UGR,United Global Ro-Ro,8417118,IMO populated — checksum valid,High,2026-09-07,https://www.vesselfinder.com/vessels/details/8417118,SRC_0060,Operating,IMO added in v1.3 enrichment pass.
VESSEL_00011,Super Fast Baleares,COMP_UGR,United Global Ro-Ro,9398527,IMO populated — checksum valid,High,2026-09-07,https://www.vesselfinder.com/vessels/details/9398527,SRC_0060,Operating,IMO added in v1.3 enrichment pass.
VESSEL_00012,Chang Sheng Hong,COMP_UGR,United Global Ro-Ro,9177040,IMO populated — checksum valid,High,2026-09-07,https://www.vesselfinder.com/vessels/details/9177040,SRC_0060,Operating,IMO added in v1.3 enrichment pass.
VESSEL_00013,JINANAH,COMP_UGR,United Global Ro-Ro,9395343,IMO populated — checksum valid,High,2026-09-07,https://www.vesselfinder.com/vessels/details/9395343,SRC_0060,Operating,IMO added in v1.3 enrichment pass.
VESSEL_00014,SDERIA,COMP_UGR,United Global Ro-Ro,9395355,IMO populated — checksum valid,High,2026-09-07,https://www.vesselfinder.com/vessels/details/9395355,SRC_0060,Operating,IMO added in v1.3 enrichment pass.
VESSEL_00015,CMA CGM MONTE CRISTO,COMP_CMA_CGM,CMA CGM Group,1021051,IMO populated — checksum valid,High,2026-09-07,https://www.linescape.com/vessels/120935/,SRC_0045,Operating,IMO added in v1.3 enrichment pass.
VESSEL_00016,Al Sadaf,COMP_ADNOC_LS,ADNOC Logistics & Services,9972957,IMO populated — checksum valid,High,2026-09-07,https://www.vesselfinder.com/vessels/details/9972957,SRC_0066,Operating,IMO added in v1.3 enrichment pass.
VESSEL_00017,Arada,COMP_ADNOC_LS,ADNOC Logistics & Services,9972969,IMO populated — checksum valid,High,2026-09-07,https://www.vesselfinder.com/vessels/details/9972969,SRC_0066,Operating,IMO added in v1.3 enrichment pass.
VESSEL_00018,Al Taweelah,COMP_ADNOC_LS,ADNOC Logistics & Services,9972971,IMO populated — checksum valid,High,2026-09-07,https://www.vesselfinder.com/vessels/details/9972971,SRC_0066,Operating,IMO added in v1.3 enrichment pass.
VESSEL_00019,Al Hamra,COMP_ADNOC_LS,ADNOC Logistics & Services,9074640,IMO populated — checksum valid,High,2026-09-07,https://www.vesselfinder.com/vessels/details/9074640,SRC_0066,Operating,IMO added in v1.3 enrichment pass.
VESSEL_00020,Al Rahba,COMP_ADNOC_LS,ADNOC Logistics & Services,9965435,IMO populated — checksum valid,High,2026-09-07,https://www.vesselfinder.com/vessels/details/9965435,SRC_0066,Operating,IMO added in v1.3 enrichment pass.
VESSEL_00021,Al Reef,COMP_ADNOC_LS,ADNOC Logistics & Services,9972945,IMO populated — checksum valid,High,2026-09-07,https://www.vesselfinder.com/vessels/details/9972945,SRC_0066,Operating,IMO added in v1.3 enrichment pass.
VESSEL_00022,Al Shelila,COMP_ADNOC_LS,ADNOC Logistics & Services,9965423,IMO populated — checksum valid,High,2026-09-07,https://www.vesselfinder.com/vessels/details/9965423,SRC_0066,Operating,IMO added in v1.3 enrichment pass.
VESSEL_00023,Ish (FSU),COMP_ADNOC_LS,ADNOC Logistics & Services,9035864,IMO populated — checksum valid,High,2026-09-07,https://www.vesselfinder.com/vessels/details/9035864,SRC_0066,Operating / FSU,IMO added in v1.3 enrichment pass.
VESSEL_00024,Mraweh,COMP_ADNOC_LS,ADNOC Logistics & Services,9074638,IMO populated — checksum valid,High,2026-09-07,https://www.vesselfinder.com/vessels/details/9074638,SRC_0066,Operating,IMO added in v1.3 enrichment pass.
VESSEL_00025,Mubaraz,COMP_ADNOC_LS,ADNOC Logistics & Services,9074626,IMO populated — checksum valid,High,2026-09-07,https://www.vesselfinder.com/vessels/details/9074626,SRC_0066,Operating,IMO added in v1.3 enrichment pass.
VESSEL_00026,Shahamah,COMP_ADNOC_LS,ADNOC Logistics & Services,9035852,IMO populated — checksum valid,High,2026-09-07,https://www.vesselfinder.com/vessels/details/9035852,SRC_0066,Operating,IMO added in v1.3 enrichment pass.
VESSEL_00027,Umm Al Ashtan,COMP_ADNOC_LS,ADNOC Logistics & Services,9074652,IMO populated — checksum valid,High,2026-09-07,https://www.vesselfinder.com/vessels/details/9074652,SRC_0066,Operating,IMO added in v1.3 enrichment pass.
VESSEL_00028,Ruwais LNG H2711,COMP_ADNOC_LS,ADNOC Logistics & Services,,Pending — hull/newbuild,Pending,2026-09-07,,SRC_0066,On order / newbuild,Hull/newbuild record; no public IMO was confidently resolved in this pass.
VESSEL_00029,Ruwais LNG H2712,COMP_ADNOC_LS,ADNOC Logistics & Services,,Pending — hull/newbuild,Pending,2026-09-07,,SRC_0066,On order / newbuild,Hull/newbuild record; no public IMO was confidently resolved in this pass.
VESSEL_00030,Ruwais LNG H2713,COMP_ADNOC_LS,ADNOC Logistics & Services,,Pending — hull/newbuild,Pending,2026-09-07,,SRC_0066,On order / newbuild,Hull/newbuild record; no public IMO was confidently resolved in this pass.
VESSEL_00031,Ruwais LNG H2714,COMP_ADNOC_LS,ADNOC Logistics & Services,,Pending — hull/newbuild,Pending,2026-09-07,,SRC_0066,On order / newbuild,Hull/newbuild record; no public IMO was confidently resolved in this pass.
VESSEL_00032,Ruwais LNG H2598,COMP_ADNOC_LS,ADNOC Logistics & Services,,Pending — hull/newbuild,Pending,2026-09-07,,SRC_0066,On order / newbuild,Hull/newbuild record; no public IMO was confidently resolved in this pass.
VESSEL_00033,Ruwais LNG H2599,COMP_ADNOC_LS,ADNOC Logistics & Services,,Pending — hull/newbuild,Pending,2026-09-07,,SRC_0066,On order / newbuild,Hull/newbuild record; no public IMO was confidently resolved in this pass.
VESSEL_00034,Ruwais LNG H2600,COMP_ADNOC_LS,ADNOC Logistics & Services,,Pending — hull/newbuild,Pending,2026-09-07,,SRC_0066,On order / newbuild,Hull/newbuild record; no public IMO was confidently resolved in this pass.
VESSEL_00035,Ruwais LNG H2601,COMP_ADNOC_LS,ADNOC Logistics & Services,,Pending — hull/newbuild,Pending,2026-09-07,,SRC_0066,On order / newbuild,Hull/newbuild record; no public IMO was confidently resolved in this pass.
VESSEL_00036,Al Maryah,COMP_ADNOC_LS,ADNOC Logistics & Services,9393682,IMO populated — checksum valid,High,2026-09-07,https://www.vesselfinder.com/vessels/details/9393682,SRC_0066,Operating,IMO added in v1.3 enrichment pass.
VESSEL_00037,AWS-Delma,COMP_AW_SHIPPING,AW Shipping,9719408,IMO populated — checksum valid,High,2026-09-07,https://www.vesselfinder.com/vessels/details/9719408,SRC_0066,Operating,Public vessel name appears as DELMA; model retains AW Shipping fleet label. IMO added in v1.3 enrichment pass.
VESSEL_00038,AWS-Al Ain,COMP_AW_SHIPPING,AW Shipping,9916812,IMO populated — checksum valid,High,2026-09-07,https://www.vesselfinder.com/vessels/details/9916812,SRC_0066,Operating,Public vessel name appears as AL AIN; model retains AW Shipping fleet label. IMO added in v1.3 enrichment pass.
VESSEL_00039,AWS-Zakher,COMP_AW_SHIPPING,AW Shipping,9916824,IMO populated — checksum valid,High,2026-09-07,https://www.vesselfinder.com/vessels/details/9916824,SRC_0066,Operating,Public vessel name appears as ZAKHER; model retains AW Shipping fleet label. IMO added in v1.3 enrichment pass.
VESSEL_00040,AWS-Rabdan,COMP_AW_SHIPPING,AW Shipping,9916836,IMO populated — checksum valid,High,2026-09-07,https://www.vesselfinder.com/vessels/details/9916836,SRC_0066,Operating,Public vessel name appears as RABDAN; model retains AW Shipping fleet label. IMO added in v1.3 enrichment pass.
VESSEL_00041,AWS-Al Salam,COMP_AW_SHIPPING,AW Shipping,9923085,IMO populated — checksum valid,High,2026-09-07,https://www.vesselfinder.com/vessels/details/9923085,SRC_0066,Operating,Public vessel name appears as AL SALAM; model retains AW Shipping fleet label. IMO added in v1.3 enrichment pass.
VESSEL_00042,AWS-Baynounah,COMP_AW_SHIPPING,AW Shipping,9923097,IMO populated — checksum valid,High,2026-09-07,https://www.vesselfinder.com/vessels/details/9923097,SRC_0066,Operating,Public vessel name appears as BAYNOUNAH; model retains AW Shipping fleet label. IMO added in v1.3 enrichment pass.
VESSEL_00043,Meera,COMP_AW_SHIPPING,AW Shipping,1066908,IMO populated — checksum valid,High,2026-09-07,https://system.new-vessels.com/Ship-23878060-.html,SRC_0066,Newbuild / delivery program,IMO added in v1.3 enrichment pass.
VESSEL_00044,Dana,COMP_AW_SHIPPING,AW Shipping,,Pending — newbuild identity,Pending,2026-09-07,,SRC_0066,Newbuild / delivery program,No public IMO was confidently resolved in this pass.
VESSEL_00045,Al Ghadeer,COMP_AW_SHIPPING,AW Shipping,,Pending — newbuild identity,Pending,2026-09-07,,SRC_0066,Newbuild / delivery program,No public IMO was confidently resolved in this pass.
VESSEL_00046,Rimah,COMP_AW_SHIPPING,AW Shipping,,Pending — newbuild identity,Pending,2026-09-07,,SRC_0066,Newbuild / delivery program,No public IMO was confidently resolved in this pass.
VESSEL_00047,Umm Al Lulu I,COMP_ADNOC_LS,ADNOC Logistics & Services,9494204,IMO populated — checksum valid,High,2026-09-07,https://www.vesselfinder.com/vessels/details/9494204,SRC_0066,Operating,IMO added in v1.3 enrichment pass.
VESSEL_00048,Al Samha,COMP_ADNOC_LS,ADNOC Logistics & Services,9380324,IMO populated — checksum valid,High,2026-09-07,https://www.vesselfinder.com/vessels/details/9380324,SRC_0066,Operating,IMO added in v1.3 enrichment pass.
VESSEL_00049,Bani Yas,COMP_ADNOC_LS,ADNOC Logistics & Services,9487249,IMO populated — checksum valid,High,2026-09-07,https://www.vesselfinder.com/vessels/details/9487249,SRC_0066,Operating,IMO added in v1.3 enrichment pass.
VESSEL_00050,Diyyinah I,COMP_ADNOC_LS,ADNOC Logistics & Services,9487251,IMO populated — checksum valid,High,2026-09-07,https://www.vesselfinder.com/vessels/details/9487251,SRC_0066,Operating,IMO added in v1.3 enrichment pass.
VESSEL_00051,Mezaira'a,COMP_ADNOC_LS,ADNOC Logistics & Services,9487275,IMO populated — checksum valid,High,2026-09-07,https://www.vesselfinder.com/vessels/details/9487275,SRC_0066,Operating,IMO added in v1.3 enrichment pass.
VESSEL_00052,Yamilah-III,COMP_ADNOC_LS,ADNOC Logistics & Services,9487263,IMO populated — checksum valid,High,2026-09-07,https://www.vesselfinder.com/vessels/details/9487263,SRC_0066,Operating,IMO added in v1.3 enrichment pass.
VESSEL_00053,Navig8 Honor,COMP_NAVIG8,Navig8,9556181,IMO populated — checksum valid,High,2026-09-07,https://www.vesselfinder.com/vessels/details/9556181,SRC_0066,Operating,IMO added in v1.3 enrichment pass.
VESSEL_00054,Navig8 Martinez,COMP_NAVIG8,Navig8,9482847,IMO populated — checksum valid,High,2026-09-07,https://www.vesselfinder.com/vessels/details/9482847,SRC_0066,Operating,IMO added in v1.3 enrichment pass.
VESSEL_00055,Navig8 Messi,COMP_NAVIG8,Navig8,9482859,IMO populated — checksum valid,High,2026-09-07,https://www.vesselfinder.com/vessels/details/9482859,SRC_0066,Operating,IMO added in v1.3 enrichment pass.
VESSEL_00056,Navig8 Montiel,COMP_NAVIG8,Navig8,9482861,IMO populated — checksum valid,High,2026-09-07,https://www.vesselfinder.com/vessels/details/9482861,SRC_0066,Operating,IMO added in v1.3 enrichment pass.
VESSEL_00057,Abu Dhabi-III,COMP_ADNOC_LS,ADNOC Logistics & Services,9489027,IMO populated — checksum valid,High,2026-09-07,https://www.vesselfinder.com/vessels/details/9489027,SRC_0066,Operating,IMO added in v1.3 enrichment pass.
VESSEL_00058,Liwa V,COMP_ADNOC_LS,ADNOC Logistics & Services,9489039,IMO populated — checksum valid,High,2026-09-07,https://www.vesselfinder.com/vessels/details/9489039,SRC_0066,Operating,IMO added in v1.3 enrichment pass.
VESSEL_00059,Al Bateen,COMP_ADNOC_LS,ADNOC Logistics & Services,9828376,IMO populated — checksum valid,High,2026-09-07,https://www.vesselfinder.com/vessels/details/9828376,SRC_0066,Operating,IMO added in v1.3 enrichment pass.
VESSEL_00060,Al Falah,COMP_ADNOC_LS,ADNOC Logistics & Services,9828388,IMO populated — checksum valid,High,2026-09-07,https://www.vesselfinder.com/vessels/details/9828388,SRC_0066,Operating,IMO added in v1.3 enrichment pass.
VESSEL_00061,Al Ruwais,COMP_ADNOC_LS,ADNOC Logistics & Services,9828405,IMO populated — checksum valid,High,2026-09-07,https://www.vesselfinder.com/vessels/details/9828405,SRC_0066,Operating,IMO added in v1.3 enrichment pass.
VESSEL_00062,Al Khtam,COMP_ADNOC_LS,ADNOC Logistics & Services,9823534,IMO populated — checksum valid,High,2026-09-07,https://www.vesselfinder.com/vessels/details/9823534,SRC_0066,Operating,IMO added in v1.3 enrichment pass.
VESSEL_00063,Yong Jiang (Gas Yongjiang),COMP_AW_SHIPPING,AW Shipping,1013834,IMO populated — checksum valid,High,2026-09-07,https://www.vesselfinder.com/vessels/details/1013834,SRC_0066,Delivered / operating,IMO added in v1.3 enrichment pass.
VESSEL_00064,Min Jiang,COMP_AW_SHIPPING,AW Shipping,1013846,IMO populated — checksum valid,High,2026-09-07,https://www.vesselfinder.com/vessels/details/1013846,SRC_0066,Newbuild / delivery program,IMO added in v1.3 enrichment pass.
VESSEL_00065,Al Bayraq,COMP_AW_SHIPPING,AW Shipping,,Pending — newbuild identity,Pending,2026-09-07,,SRC_0066,Newbuild / delivery program,No public IMO was confidently resolved in this pass.
VESSEL_00066,Alhosn,COMP_AW_SHIPPING,AW Shipping,,Pending — newbuild identity,Pending,2026-09-07,,SRC_0066,Newbuild / delivery program,No public IMO was confidently resolved in this pass.
VESSEL_00067,Al Aryam,COMP_AW_SHIPPING,AW Shipping,,Pending — newbuild identity,Pending,2026-09-07,,SRC_0066,Newbuild / delivery program,No public IMO was confidently resolved in this pass.
VESSEL_00068,Al Saad,COMP_AW_SHIPPING,AW Shipping,,Pending — newbuild identity,Pending,2026-09-07,,SRC_0066,Newbuild / delivery program,No public IMO was confidently resolved in this pass.
VESSEL_00069,Al Muzn,COMP_AW_SHIPPING,AW Shipping,,Pending — newbuild identity,Pending,2026-09-07,,SRC_0066,Newbuild / delivery program,No public IMO was confidently resolved in this pass.
VESSEL_00070,Al Taair,COMP_AW_SHIPPING,AW Shipping,,Pending — newbuild identity,Pending,2026-09-07,,SRC_0066,Newbuild / delivery program,ADNOC L&S fleet sheet currently spells this newbuild Al Tair. No public IMO was confidently resolved in this pass.
VESSEL_00071,Al Sila,COMP_AW_SHIPPING,AW Shipping,,Pending — newbuild identity,Pending,2026-09-07,,SRC_0066,Newbuild / delivery program,No public IMO was confidently resolved in this pass.
VESSEL_00072,Janana,COMP_ADNOC_LS,ADNOC Logistics & Services,9034236,IMO populated — checksum valid,High,2026-09-07,https://www.vesselfinder.com/vessels/details/9034236,SRC_0066,Operating,IMO added in v1.3 enrichment pass.
VESSEL_00073,ADNOC L&S molten sulphur newbuild,COMP_ADNOC_LS,ADNOC Logistics & Services,,No IMO assigned in model — unnamed newbuild,Pending,2026-09-07,,SRC_0066,On order / newbuild,Unnamed newbuild placeholder; an IMO cannot be reliably assigned until the vessel identity is published.
VESSEL_00074,Jarnain,COMP_ADNOC_LS,ADNOC Logistics & Services,9823546,IMO populated — checksum valid,High,2026-09-07,https://www.vesselfinder.com/vessels/details/9823546,SRC_0066,Operating,IMO added in v1.3 enrichment pass.
VESSEL_00075,Tarif,COMP_ADNOC_LS,ADNOC Logistics & Services,9828390,IMO populated — checksum valid,High,2026-09-07,https://www.vesselfinder.com/vessels/details/9828390,SRC_0066,Operating,IMO added in v1.3 enrichment pass.
VESSEL_00076,Navig8 Precision,COMP_NAVIG8,Navig8,9831294,IMO populated — checksum valid,High,2026-09-07,https://www.vesselfinder.com/vessels/details/9831294,SRC_0066,Operating,IMO added in v1.3 enrichment pass.
VESSEL_00077,Navig8 Prestige,COMP_NAVIG8,Navig8,9831309,IMO populated — checksum valid,High,2026-09-07,https://www.vesselfinder.com/vessels/details/9831309,SRC_0066,Operating,Public vessel databases / USCG use NAVIG8 PRESTIGE JKB. IMO added in v1.3 enrichment pass.
VESSEL_00078,Navig8 Perseverance,COMP_NAVIG8,Navig8,9853266,IMO populated — checksum valid,High,2026-09-07,https://www.vesselfinder.com/vessels/details/9853266,SRC_0066,Operating,IMO added in v1.3 enrichment pass.
VESSEL_00079,Navig8 Passion,COMP_NAVIG8,Navig8,9853278,IMO populated — checksum valid,High,2026-09-07,https://www.vesselfinder.com/vessels/details/9853278,SRC_0066,Operating,IMO added in v1.3 enrichment pass.
VESSEL_00080,Navig8 Promise,COMP_NAVIG8,Navig8,9791298,IMO populated — checksum valid,High,2026-09-07,https://www.vesselfinder.com/vessels/details/9791298,SRC_0066,Operating,IMO added in v1.3 enrichment pass.
VESSEL_00081,Navig8 Prosperity,COMP_NAVIG8,Navig8,9855496,IMO populated — checksum valid,High,2026-09-07,https://www.vesselfinder.com/vessels/details/9855496,SRC_0066,Operating,IMO added in v1.3 enrichment pass.
VESSEL_00082,Navig8 Pride LHJ,COMP_NAVIG8,Navig8,9947366,IMO populated — checksum valid,High,2026-09-07,https://www.vesselfinder.com/vessels/details/9947366,SRC_0066,Operating,IMO added in v1.3 enrichment pass.
VESSEL_00083,Navig8 Wolf,COMP_NAVIG8,Navig8,9935301,IMO populated — checksum valid,High,2026-09-07,https://www.vesselfinder.com/vessels/details/9935301,SRC_0066,Operating,IMO added in v1.3 enrichment pass.
VESSEL_00084,Navig8 Providence,COMP_NAVIG8,Navig8,9947378,IMO populated — checksum valid,High,2026-09-07,https://www.vesselfinder.com/vessels/details/9947378,SRC_0066,Operating,IMO added in v1.3 enrichment pass.
VESSEL_00085,Leicester,COMP_ADNOC_LS,ADNOC Logistics & Services,9792266,IMO populated — checksum valid,High,2026-09-07,https://www.vesselfinder.com/vessels/details/9792266,SRC_0066,Operating,IMO added in v1.3 enrichment pass.
VESSEL_00086,Hili,COMP_ADNOC_LS,ADNOC Logistics & Services,9851830,IMO populated — checksum valid,High,2026-09-07,https://www.vesselfinder.com/vessels/details/9851830,SRC_0066,Operating,IMO added in v1.3 enrichment pass.
VESSEL_00087,Zakum,COMP_ADNOC_LS,ADNOC Logistics & Services,9851842,IMO populated — checksum valid,High,2026-09-07,https://www.vesselfinder.com/vessels/details/9851842,SRC_0066,Operating,IMO added in v1.3 enrichment pass.
VESSEL_00088,Barakah,COMP_ADNOC_LS,ADNOC Logistics & Services,9902615,IMO populated — checksum valid,High,2026-09-07,https://www.vesselfinder.com/vessels/details/9902615,SRC_0066,Operating,IMO added in v1.3 enrichment pass.
VESSEL_00089,Hafeet,COMP_ADNOC_LS,ADNOC Logistics & Services,9928009,IMO populated — checksum valid,High,2026-09-07,https://www.vesselfinder.com/vessels/details/9928009,SRC_0066,Operating,IMO added in v1.3 enrichment pass.
VESSEL_00090,Habshan,COMP_ADNOC_LS,ADNOC Logistics & Services,9928011,IMO populated — checksum valid,High,2026-09-07,https://www.vesselfinder.com/vessels/details/9928011,SRC_0066,Operating,IMO added in v1.3 enrichment pass.
VESSEL_00091,Arzanah,COMP_ADNOC_LS,ADNOC Logistics & Services,9928023,IMO populated — checksum valid,High,2026-09-07,https://www.vesselfinder.com/vessels/details/9928023,SRC_0066,Operating,IMO added in v1.3 enrichment pass.
VESSEL_00092,Al Bahyah,COMP_ADNOC_LS,ADNOC Logistics & Services,9937799,IMO populated — checksum valid,High,2026-09-07,https://www.vesselfinder.com/vessels/details/9937799,SRC_0066,Operating,IMO added in v1.3 enrichment pass.
VESSEL_00093,Navig8 Universe,COMP_NAVIG8,Navig8,9489106,IMO populated — checksum valid,High,2026-09-07,https://www.vesselfinder.com/vessels/details/9489106,SRC_0066,Operating,IMO added in v1.3 enrichment pass.
VESSEL_00094,Navig8 Constellation,COMP_NAVIG8,Navig8,9489118,IMO populated — checksum valid,High,2026-09-07,https://www.vesselfinder.com/vessels/details/9489118,SRC_0066,Operating,IMO added in v1.3 enrichment pass.
VESSEL_00095,Navig8 Grace,COMP_NAVIG8,Navig8,9833656,IMO populated — checksum valid,High,2026-09-07,https://www.vesselfinder.com/vessels/details/9833656,SRC_0066,Operating,IMO added in v1.3 enrichment pass.
VESSEL_00096,Navig8 Gallantry,COMP_NAVIG8,Navig8,9833668,IMO populated — checksum valid,High,2026-09-07,https://www.vesselfinder.com/vessels/details/9833668,SRC_0066,Operating,IMO added in v1.3 enrichment pass.
VESSEL_00097,Navig8 Guard,COMP_NAVIG8,Navig8,9833670,IMO populated — checksum valid,High,2026-09-07,https://www.vesselfinder.com/vessels/details/9833670,SRC_0066,Operating,IMO added in v1.3 enrichment pass.
VESSEL_00098,Navig8 Guide,COMP_NAVIG8,Navig8,9833682,IMO populated — checksum valid,High,2026-09-07,https://www.vesselfinder.com/vessels/details/9833682,SRC_0066,Operating,IMO added in v1.3 enrichment pass.
VESSEL_00099,Navig8 Goal,COMP_NAVIG8,Navig8,9853216,IMO populated — checksum valid,High,2026-09-07,https://www.vesselfinder.com/vessels/details/9853216,SRC_0066,Operating,IMO added in v1.3 enrichment pass.
VESSEL_00100,Navig8 Gauntlet,COMP_NAVIG8,Navig8,9853228,IMO populated — checksum valid,High,2026-09-07,https://www.vesselfinder.com/vessels/details/9853228,SRC_0066,Operating,IMO added in v1.3 enrichment pass.
VESSEL_00101,Navig8 Gladiator,COMP_NAVIG8,Navig8,9853230,IMO populated — checksum valid,High,2026-09-07,https://www.vesselfinder.com/vessels/details/9853230,SRC_0066,Operating,IMO added in v1.3 enrichment pass.
VESSEL_00102,Navig8 Gratitude,COMP_NAVIG8,Navig8,9853242,IMO populated — checksum valid,High,2026-09-07,https://www.vesselfinder.com/vessels/details/9853242,SRC_0066,Operating,IMO added in v1.3 enrichment pass.
VESSEL_00103,Navig8 Excel,COMP_NAVIG8,Navig8,9973901,IMO populated — checksum valid,High,2026-09-07,https://www.vesselfinder.com/vessels/details/9973901,SRC_0066,Operating,IMO added in v1.3 enrichment pass.
VESSEL_00104,Navig8 Exceed,COMP_NAVIG8,Navig8,9973913,IMO populated — checksum valid,High,2026-09-07,https://www.vesselfinder.com/vessels/details/9973913,SRC_0066,Operating,IMO added in v1.3 enrichment pass.
VESSEL_00105,Navig8 Express,COMP_NAVIG8,Navig8,9976874,IMO populated — checksum valid,High,2026-09-07,https://www.vesselfinder.com/vessels/details/9976874,SRC_0066,Operating,IMO added in v1.3 enrichment pass.
VESSEL_00106,Navig8 Excellence,COMP_NAVIG8,Navig8,9976886,IMO populated — checksum valid,High,2026-09-07,https://www.vesselfinder.com/vessels/details/9976886,SRC_0066,Operating,IMO added in v1.3 enrichment pass.
VESSEL_00107,Navig8 Estelle,COMP_NAVIG8,Navig8,9973925,IMO populated — checksum valid,High,2026-09-07,https://www.vesselfinder.com/vessels/details/9973925,SRC_0066,Operating,IMO added in v1.3 enrichment pass.
VESSEL_00108,Navig8 Executive,COMP_NAVIG8,Navig8,9973937,IMO populated — checksum valid,High,2026-09-07,https://www.vesselfinder.com/vessels/details/9973937,SRC_0066,Operating,IMO added in v1.3 enrichment pass.
VESSEL_00109,BYD Explorer No.1,COMP_ZODIAC,Zodiac Maritime,9955181,IMO populated — checksum valid,High,2026-09-07,https://www.vesselfinder.com/vessels/details/9955181,SRC_0091,Operating,IMO was already present in v1.2 and revalidated.
VESSEL_00110,BYD Changzhou,COMP_ZODIAC,Zodiac Maritime,9955076,IMO populated — checksum valid,High,2026-09-07,https://www.vesselfinder.com/vessels/details/9955076,SRC_0091,Operating,IMO was already present in v1.2 and revalidated.
VESSEL_00111,BYD Hefei,COMP_BYD,BYD Company / BYD Auto,9999565,IMO populated — checksum valid,High,2026-09-07,https://www.vesselfinder.com/vessels/details/9999565,SRC_0091,Operating,IMO was already present in v1.2 and revalidated.
VESSEL_00112,BYD Zhengzhou,COMP_BYD,BYD Company / BYD Auto,9999577,IMO populated — checksum valid,High,2026-09-07,https://www.vesselfinder.com/vessels/details/9999577,SRC_0091,Operating,IMO was already present in v1.2 and revalidated.
VESSEL_00113,BYD Shenzhen,COMP_BYD,BYD Company / BYD Auto,9993963,IMO populated — checksum valid,High,2026-09-07,https://www.vesselfinder.com/vessels/details/9993963,SRC_0092,Operating,IMO was already present in v1.2 and revalidated.
VESSEL_00114,BYD Xi'an,COMP_BYD,BYD Company / BYD Auto,9993975,IMO populated — checksum valid,High,2026-09-07,https://www.vesselfinder.com/vessels/details/9993975,SRC_0095,Operating,IMO was already present in v1.2 and revalidated.
VESSEL_00115,BYD Changsha,COMP_BYD,BYD Company / BYD Auto,9993949,IMO populated — checksum valid,High,2026-09-07,https://www.vesselfinder.com/vessels/details/9993949,SRC_0093,Operating,IMO was already present in v1.2 and revalidated.
VESSEL_00116,BYD Jinan,COMP_BYD,BYD Company / BYD Auto,9993951,IMO populated — checksum valid,High,2026-09-07,https://www.vesselfinder.com/vessels/details/9993951,SRC_0094,Operating,IMO was already present in v1.2 and revalidated.
VESSEL_00117,SINOKOR NIIGATA,COMP_SINOKOR,SINOKOR Merchant Marine,9209908,IMO populated — checksum valid,High,2026-09-07,https://www.vesselfinder.com/vessels/details/9209908,SRC_0102,Operating,IMO added in v1.3 enrichment pass.
VESSEL_00118,MEREDITH VICTORY,COMP_SINOKOR,SINOKOR Merchant Marine,9455959,IMO populated — checksum valid,High,2026-09-07,https://www.vesselfinder.com/vessels/details/9455959,SRC_0102,Operating,IMO added in v1.3 enrichment pass.
VESSEL_00119,KOOKYANG SINGAPORE,COMP_SINOKOR,SINOKOR Merchant Marine,9354234,IMO populated — checksum valid,High,2026-09-07,https://www.vesselfinder.com/vessels/details/9354234,SRC_0102,Operating,IMO added in v1.3 enrichment pass.
VESSEL_00120,GENEVA QUEEN,COMP_SINOKOR,SINOKOR Merchant Marine,9638642,IMO populated — checksum valid,High,2026-09-07,https://www.vesselfinder.com/vessels/details/9638642,SRC_0102,Operating,IMO added in v1.3 enrichment pass.
VESSEL_00121,Hakata Voyager,COMP_SINOKOR,SINOKOR Merchant Marine,9329588,IMO populated — checksum valid,High,2026-09-07,https://www.vesselfinder.com/vessels/details/9329588,SRC_0102,Operating,IMO added in v1.3 enrichment pass.
VESSEL_00122,Vostochny Voyager,COMP_SINOKOR,SINOKOR Merchant Marine,9329590,IMO populated — checksum valid,High,2026-09-07,https://www.vesselfinder.com/vessels/details/9329590,SRC_0102,Operating,IMO added in v1.3 enrichment pass.
VESSEL_00123,HongKong Voyager,COMP_SINOKOR,SINOKOR Merchant Marine,9402500,IMO populated — checksum valid,High,2026-09-07,https://www.vesselfinder.com/vessels/details/9402500,SRC_0102,Operating,IMO added in v1.3 enrichment pass.
VESSEL_00124,Osaka Voyager,COMP_SINOKOR,SINOKOR Merchant Marine,9329576,IMO populated — checksum valid,High,2026-09-07,https://www.vesselfinder.com/vessels/details/9329576,SRC_0102,Operating,IMO added in v1.3 enrichment pass.
VESSEL_00125,NAGOYA TRADER,COMP_SINOKOR,SINOKOR Merchant Marine,9517628,IMO populated — checksum valid,High,2026-09-07,https://www.vesselfinder.com/vessels/details/9517628,SRC_0102,Operating,IMO added in v1.3 enrichment pass.
VESSEL_00126,SAWASDEE PACIFIC,COMP_SINOKOR,SINOKOR Merchant Marine,9879363,IMO populated — checksum valid,High,2026-09-07,https://www.vesselfinder.com/vessels/details/9879363,SRC_0102,Operating,IMO added in v1.3 enrichment pass.
VESSEL_00127,SAWASDEE ATLANTIC,COMP_SINOKOR,SINOKOR Merchant Marine,9879375,IMO populated — checksum valid,High,2026-09-07,https://www.vesselfinder.com/vessels/details/9879375,SRC_0102,Operating,IMO added in v1.3 enrichment pass.
VESSEL_00128,SAWASDEE BALTIC,COMP_SINOKOR,SINOKOR Merchant Marine,9886067,IMO populated — checksum valid,High,2026-09-07,https://www.vesselfinder.com/vessels/details/9886067,SRC_0102,Operating,IMO added in v1.3 enrichment pass.
VESSEL_00129,SAWASDEE SUNRISE,COMP_SINOKOR,SINOKOR Merchant Marine,9886079,IMO populated — checksum valid,High,2026-09-07,https://www.vesselfinder.com/vessels/details/9886079,SRC_0102,Operating,IMO added in v1.3 enrichment pass.
VESSEL_00130,HOCHIMINH VOYAGER,COMP_SINOKOR,SINOKOR Merchant Marine,9532276,IMO populated — checksum valid,High,2026-09-07,https://www.vesselfinder.com/vessels/details/9532276,SRC_0102,Operating,IMO added in v1.3 enrichment pass.
VESSEL_00131,JAKARTA VOYAGER,COMP_SINOKOR,SINOKOR Merchant Marine,9532288,IMO populated — checksum valid,High,2026-09-07,https://www.vesselfinder.com/vessels/details/9532288,SRC_0102,Operating,IMO added in v1.3 enrichment pass.
VESSEL_00132,SHANGHAI VOYAGER,COMP_SINOKOR,SINOKOR Merchant Marine,9536973,IMO populated — checksum valid,High,2026-09-07,https://www.vesselfinder.com/vessels/details/9536973,SRC_0102,Operating,IMO added in v1.3 enrichment pass.
VESSEL_00133,NINGBO TRADER,COMP_SINOKOR,SINOKOR Merchant Marine,9347968,IMO populated — checksum valid,High,2026-09-07,https://www.vesselfinder.com/vessels/details/9347968,SRC_0102,Operating,IMO added in v1.3 enrichment pass.
VESSEL_00134,YOKOHAMA TRADER,COMP_SINOKOR,SINOKOR Merchant Marine,9915961,IMO populated — checksum valid,High,2026-09-07,https://www.vesselfinder.com/vessels/details/9915961,SRC_0102,Operating,IMO added in v1.3 enrichment pass.
VESSEL_00135,SURABAYA VOYAGER,COMP_SINOKOR,SINOKOR Merchant Marine,9137703,IMO populated — checksum valid,High,2026-09-07,https://www.vesselfinder.com/vessels/details/9137703,SRC_0102,Operating,IMO added in v1.3 enrichment pass.
VESSEL_00136,KOBE TRADER,COMP_SINOKOR,SINOKOR Merchant Marine,9915973,IMO populated — checksum valid,High,2026-09-07,https://www.vesselfinder.com/vessels/details/9915973,SRC_0102,Operating,IMO added in v1.3 enrichment pass.
VESSEL_00137,CHENNAI VOYAGER,COMP_SINOKOR,SINOKOR Merchant Marine,9153410,IMO populated — checksum valid,High,2026-09-07,https://www.vesselfinder.com/vessels/details/9153410,SRC_0102,Operating,IMO added in v1.3 enrichment pass.
VESSEL_00138,SENDAI TRADER,COMP_SINOKOR,SINOKOR Merchant Marine,9397107,IMO populated — checksum valid,High,2026-09-07,https://www.vesselfinder.com/vessels/details/9397107,SRC_0102,Operating,IMO added in v1.3 enrichment pass.
VESSEL_00139,QINGDAO TRADER,COMP_SINOKOR,SINOKOR Merchant Marine,9915985,IMO populated — checksum valid,High,2026-09-07,https://www.vesselfinder.com/vessels/details/9915985,SRC_0102,Operating,IMO added in v1.3 enrichment pass.
VESSEL_00140,YANGTZE TRADER,COMP_SINOKOR,SINOKOR Merchant Marine,9915997,IMO populated — checksum valid,High,2026-09-07,https://www.vesselfinder.com/vessels/details/9915997,SRC_0102,Operating,IMO added in v1.3 enrichment pass.
VESSEL_00141,NO.2 OCEAN PIONEER,COMP_SINOKOR,SINOKOR Merchant Marine,9340439,IMO populated — checksum valid,High,2026-09-07,https://www.vesselfinder.com/vessels/details/9340439,SRC_0102,Operating,IMO added in v1.3 enrichment pass.
VESSEL_00142,OCEAN PIONEER,COMP_SINOKOR,SINOKOR Merchant Marine,9347152,IMO populated — checksum valid,High,2026-09-07,https://www.vesselfinder.com/vessels/details/9347152,SRC_0102,Operating,IMO added in v1.3 enrichment pass.
VESSEL_00143,SAWASDEE CHITTAGONG,COMP_SINOKOR,SINOKOR Merchant Marine,9940758,IMO populated — checksum valid,High,2026-09-07,https://www.vesselfinder.com/vessels/details/9940758,SRC_0102,Operating,IMO added in v1.3 enrichment pass.
VESSEL_00144,SAWASDEE SHANGHAI,COMP_SINOKOR,SINOKOR Merchant Marine,9940760,IMO populated — checksum valid,High,2026-09-07,https://www.vesselfinder.com/vessels/details/9940760,SRC_0102,Operating,IMO added in v1.3 enrichment pass.
VESSEL_00145,SAWASDEE XIAMEN,COMP_SINOKOR,SINOKOR Merchant Marine,9940772,IMO populated — checksum valid,High,2026-09-07,https://www.vesselfinder.com/vessels/details/9940772,SRC_0102,Operating,IMO added in v1.3 enrichment pass.
VESSEL_00146,SAWASDEE INCHEON,COMP_SINOKOR,SINOKOR Merchant Marine,9940784,IMO populated — checksum valid,High,2026-09-07,https://www.vesselfinder.com/vessels/details/9940784,SRC_0102,Operating,IMO added in v1.3 enrichment pass.
VESSEL_00147,SAWASDEE SIRIUS,COMP_SINOKOR,SINOKOR Merchant Marine,9943774,IMO populated — checksum valid,High,2026-09-07,https://www.vesselfinder.com/vessels/details/9943774,SRC_0102,Operating,IMO added in v1.3 enrichment pass.
VESSEL_00148,SAWASDEE VEGA,COMP_SINOKOR,SINOKOR Merchant Marine,9943786,IMO populated — checksum valid,High,2026-09-07,https://www.vesselfinder.com/vessels/details/9943786,SRC_0102,Operating,IMO added in v1.3 enrichment pass.
VESSEL_00149,SAWASDEE CAPELLA,COMP_SINOKOR,SINOKOR Merchant Marine,9943798,IMO populated — checksum valid,High,2026-09-07,https://www.vesselfinder.com/vessels/details/9943798,SRC_0102,Operating,IMO added in v1.3 enrichment pass.
VESSEL_00150,SAWASDEE RIGEL,COMP_SINOKOR,SINOKOR Merchant Marine,9943803,IMO populated — checksum valid,High,2026-09-07,https://www.vesselfinder.com/vessels/details/9943803,SRC_0102,Operating,IMO added in v1.3 enrichment pass.
VESSEL_00151,SAWASDEE ALTAIR,COMP_SINOKOR,SINOKOR Merchant Marine,9946635,IMO populated — checksum valid,High,2026-09-07,https://www.vesselfinder.com/vessels/details/9946635,SRC_0102,Operating,IMO added in v1.3 enrichment pass.
VESSEL_00152,SAWASDEE SPICA,COMP_SINOKOR,SINOKOR Merchant Marine,9946647,IMO populated — checksum valid,High,2026-09-07,https://www.vesselfinder.com/vessels/details/9946647,SRC_0102,Operating,IMO added in v1.3 enrichment pass.
VESSEL_00153,SAWASDEE DENEB,COMP_SINOKOR,SINOKOR Merchant Marine,9946659,IMO populated — checksum valid,High,2026-09-07,https://www.vesselfinder.com/vessels/details/9946659,SRC_0102,Operating,IMO added in v1.3 enrichment pass.
VESSEL_00154,YEOSU VOYAGER,COMP_SINOKOR,SINOKOR Merchant Marine,9963138,IMO populated — checksum valid,High,2026-09-07,https://www.vesselfinder.com/vessels/details/9963138,SRC_0102,Operating,IMO added in v1.3 enrichment pass.
VESSEL_00155,INCHEON VOYAGER,COMP_SINOKOR,SINOKOR Merchant Marine,9963140,IMO populated — checksum valid,High,2026-09-07,https://www.vesselfinder.com/vessels/details/9963140,SRC_0102,Operating,IMO added in v1.3 enrichment pass.
VESSEL_00156,ULSAN VOYAGER,COMP_SINOKOR,SINOKOR Merchant Marine,9963152,IMO populated — checksum valid,High,2026-09-07,https://www.vesselfinder.com/vessels/details/9963152,SRC_0102,Operating,IMO added in v1.3 enrichment pass.
VESSEL_00157,SAWASDEE MIMOSA,COMP_SINOKOR,SINOKOR Merchant Marine,9946661,IMO populated — checksum valid,High,2026-09-07,https://www.vesselfinder.com/vessels/details/9946661,SRC_0102,Operating,IMO added in v1.3 enrichment pass.
VESSEL_00158,TOYAMA TRADER,COMP_SINOKOR,SINOKOR Merchant Marine,9968114,IMO populated — checksum valid,High,2026-09-07,https://www.vesselfinder.com/vessels/details/9968114,SRC_0102,Operating,IMO added in v1.3 enrichment pass.
VESSEL_00159,KWANGYANG VOYAGER,COMP_SINOKOR,SINOKOR Merchant Marine,9963164,IMO populated — checksum valid,High,2026-09-07,https://www.vesselfinder.com/vessels/details/9963164,SRC_0102,Operating,IMO added in v1.3 enrichment pass.
VESSEL_00160,AKITA TRADER,COMP_SINOKOR,SINOKOR Merchant Marine,9968126,IMO populated — checksum valid,High,2026-09-07,https://www.vesselfinder.com/vessels/details/9968126,SRC_0102,Operating,IMO added in v1.3 enrichment pass.
VESSEL_00161,MELBOURNE BRIDGE,COMP_SINOKOR,SINOKOR Merchant Marine,9967287,IMO populated — checksum valid,High,2026-09-07,https://www.vesselfinder.com/vessels/details/9967287,SRC_0102,Operating,IMO added in v1.3 enrichment pass.
VESSEL_00162,SYDNEY BRIDGE,COMP_SINOKOR,SINOKOR Merchant Marine,9967304,IMO populated — checksum valid,High,2026-09-07,https://www.vesselfinder.com/vessels/details/9967304,SRC_0102,Operating,IMO added in v1.3 enrichment pass.
VESSEL_00163,MOJI EXPRESS,COMP_SINOKOR,SINOKOR Merchant Marine,1056032,IMO populated — checksum valid,High,2026-09-07,https://www.vesselfinder.com/vessels/details/1056032,SRC_0102,Operating,IMO added in v1.3 enrichment pass.
VESSEL_00164,Asia Excellence,COMP_CHEVRON,Chevron Corporation,9610767,IMO populated — checksum valid,High,2026-09-07,https://www.vesselfinder.com/vessels/details/9610767,SRC_0105,Operating,IMO added in v1.3 enrichment pass.
VESSEL_00165,P. Long Beach,COMP_PERFORMANCE_SHIPPING,Performance Shipping Inc.,9656890,IMO populated — checksum valid,High,2026-09-07,https://tankermap.com/vessel/9656890,SRC_0109,Operating / chartered,IMO added in v1.3 enrichment pass.
VESSEL_00166,Largo Eagle,,Unresolved / charter exposure,9935911,IMO populated — checksum valid,High,2026-09-07,https://www.vesselfinder.com/vessels/details/9935911,SRC_0110,Operating / cargo booking,IMO added in v1.3 enrichment pass.
VESSEL_00167,Nord Ventura,,Unresolved / charter exposure,9910337,IMO populated — checksum valid,High,2026-09-07,https://www.vesselfinder.com/vessels/details/9910337,SRC_0110,Operating / cargo booking,IMO added in v1.3 enrichment pass.
VESSEL_00168,Rex Tillerson,,Unresolved / charter exposure,9953248,IMO populated — checksum valid,High,2026-09-07,https://www.vesselfinder.com/vessels/details/9953248,SRC_0086,Operating / delivered 2024,IMO added in v1.3 enrichment pass.
VESSEL_00169,CAPT. KATTELMANN,COMP_GFS_SHIP_MGMT,GFS Ship Management FZE / role reconciliation,9330915,IMO populated — checksum valid,High,2026-09-07,https://www.vesselfinder.com/vessels/details/9330915,SRC_0179,Operating,IMO added in v1.4 GFS fleet seed; technical specs sourced from GFS Ship Management and cross-checked where public vessel registry data was available.
VESSEL_00170,ATHENA,COMP_GFS_SHIP_MGMT,GFS Ship Management FZE / role reconciliation,9187344,IMO populated — checksum valid,High,2026-09-07,https://www.vesselfinder.com/vessels/details/9187344,SRC_0179,Operating,IMO added in v1.4 GFS fleet seed; technical specs sourced from GFS Ship Management and cross-checked where public vessel registry data was available.
VESSEL_00171,GFS GALAXY,COMP_GFS,Global Feeder Shipping,9401271,IMO populated — checksum valid,High,2026-09-07,https://www.vesselfinder.com/vessels/details/9401271,SRC_0179,Damaged / post-incident assessment,IMO added in v1.4 GFS fleet seed; technical specs sourced from GFS Ship Management and cross-checked where public vessel registry data was available.
VESSEL_00172,GFS GENESIS,COMP_GFS_SHIP_MGMT,GFS Ship Management FZE / role reconciliation,9704659,IMO populated — checksum valid,High,2026-09-07,https://www.vesselfinder.com/vessels/details/9704659,SRC_0179,Operating,IMO added in v1.4 GFS fleet seed; technical specs sourced from GFS Ship Management and cross-checked where public vessel registry data was available.
VESSEL_00173,GFS PRECIOUS,COMP_GFS_SHIP_MGMT,GFS Ship Management FZE / role reconciliation,9436434,IMO populated — checksum valid,High,2026-09-07,https://www.vesselfinder.com/vessels/details/9436434,SRC_0179,Operating,IMO added in v1.4 GFS fleet seed; technical specs sourced from GFS Ship Management and cross-checked where public vessel registry data was available.
VESSEL_00174,GFS GISELLE,COMP_GFS_SHIP_MGMT,GFS Ship Management FZE / role reconciliation,9704661,IMO populated — checksum valid,High,2026-09-07,https://www.vesselfinder.com/vessels/details/9704661,SRC_0179,Operating,IMO added in v1.4 GFS fleet seed; technical specs sourced from GFS Ship Management and cross-checked where public vessel registry data was available.
VESSEL_00175,GFS RUBY,COMP_GFS_SHIP_MGMT,GFS Ship Management FZE / role reconciliation,9455909,IMO populated — checksum valid,High,2026-09-07,https://www.vesselfinder.com/vessels/details/9455909,SRC_0179,Operating,IMO added in v1.4 GFS fleet seed; technical specs sourced from GFS Ship Management and cross-checked where public vessel registry data was available.
VESSEL_00176,GFS PRESTIGE,COMP_GFS_SHIP_MGMT,GFS Ship Management FZE / role reconciliation,9303819,IMO populated — checksum valid,High,2026-09-07,https://www.vesselfinder.com/vessels/details/9303819,SRC_0179,Operating,IMO added in v1.4 GFS fleet seed; technical specs sourced from GFS Ship Management and cross-checked where public vessel registry data was available.
VESSEL_00177,GFS PRIDE,COMP_GFS,Global Feeder Shipping,9349045,IMO populated — checksum valid,High,2026-09-07,https://www.vesselfinder.com/vessels/details/9349045,SRC_0179,Operating,IMO added in v1.4 GFS fleet seed; technical specs sourced from GFS Ship Management and cross-checked where public vessel registry data was available.
VESSEL_00178,GFS RANNA,COMP_GFS_SHIP_MGMT,GFS Ship Management FZE / role reconciliation,9137569,IMO populated — checksum valid,High,2026-09-07,https://www.vesselfinder.com/vessels/details/9137569,SRC_0179,Operating,IMO added in v1.4 GFS fleet seed; technical specs sourced from GFS Ship Management and cross-checked where public vessel registry data was available.
VESSEL_00179,GFS JADE,COMP_GFS_SHIP_MGMT,GFS Ship Management FZE / role reconciliation,9187863,IMO populated — checksum valid,High,2026-09-07,https://www.vesselfinder.com/vessels/details/9187863,SRC_0179,Operating,IMO added in v1.4 GFS fleet seed; technical specs sourced from GFS Ship Management and cross-checked where public vessel registry data was available.
VESSEL_00180,GFS PERFECT,COMP_GFS_SHIP_MGMT,GFS Ship Management FZE / role reconciliation,9308039,IMO populated — checksum valid,High,2026-09-07,https://www.vesselfinder.com/vessels/details/9308039,SRC_0179,Operating,IMO added in v1.4 GFS fleet seed; technical specs sourced from GFS Ship Management and cross-checked where public vessel registry data was available.
VESSEL_00181,GFS PEARL,COMP_GFS_SHIP_MGMT,GFS Ship Management FZE / role reconciliation,9320051,IMO populated — checksum valid,High,2026-09-07,https://www.vesselfinder.com/vessels/details/9320051,SRC_0179,Operating,IMO added in v1.4 GFS fleet seed; technical specs sourced from GFS Ship Management and cross-checked where public vessel registry data was available.
VESSEL_00182,GFS JUNO,COMP_GFS_SHIP_MGMT,GFS Ship Management FZE / role reconciliation,9187875,IMO populated — checksum valid,High,2026-09-07,https://www.vesselfinder.com/vessels/details/9187875,SRC_0179,Operating,IMO added in v1.4 GFS fleet seed; technical specs sourced from GFS Ship Management and cross-checked where public vessel registry data was available.
VESSEL_00183,GFS PRIME,COMP_GFS_SHIP_MGMT,GFS Ship Management FZE / role reconciliation,9311749,IMO populated — checksum valid,High,2026-09-07,https://www.vesselfinder.com/vessels/details/9311749,SRC_0179,Operating,IMO added in v1.4 GFS fleet seed; technical specs sourced from GFS Ship Management and cross-checked where public vessel registry data was available.
VESSEL_00184,GFS SAPPHIRE,COMP_GFS_SHIP_MGMT,GFS Ship Management FZE / role reconciliation,9330927,IMO populated — checksum valid,High,2026-09-07,https://www.vesselfinder.com/vessels/details/9330927,SRC_0179,Operating,IMO added in v1.4 GFS fleet seed; technical specs sourced from GFS Ship Management and cross-checked where public vessel registry data was available.
VESSEL_00185,SIGYN W,,Unresolved ownership/operator; canonical IMO seed,9754446,IMO populated — checksum valid,High,2026-09-07,https://www.vesselfinder.com/vessels/details/9754446,SRC_0191,Operating / schedule-observed,Added in v1.5 fleet-build pass. Schedule evidence is not treated as ownership evidence.
VESSEL_00186,KOI,,Unresolved ownership/operator; canonical IMO seed,9461489,IMO populated — checksum valid,High,2026-09-07,https://www.vesselfinder.com/vessels/details/9461489,SRC_0191,Operating / schedule-observed,Added in v1.5 fleet-build pass. Schedule evidence is not treated as ownership evidence.
VESSEL_00187,CMA CGM AMBER,,Unresolved ownership/operator; canonical IMO seed,9350381,IMO populated — checksum valid,High,2026-09-07,https://www.vesselfinder.com/vessels/details/9350381,SRC_0191,Operating / schedule-observed,Added in v1.5 fleet-build pass. Schedule evidence is not treated as ownership evidence.
VESSEL_00188,CMA CGM SORBONNE,,Unresolved ownership/operator; canonical IMO seed,9839210,IMO populated — checksum valid,High,2026-09-07,https://www.vesselfinder.com/vessels/details/9839210,SRC_0191,Operating / schedule-observed,Added in v1.5 fleet-build pass. Schedule evidence is not treated as ownership evidence.
VESSEL_00189,CMA CGM MEKONG,,Unresolved ownership/operator; canonical IMO seed,9718105,IMO populated — checksum valid,High,2026-09-07,https://www.vesselfinder.com/vessels/details/9718105,SRC_0191,Operating / schedule-observed,Added in v1.5 fleet-build pass. Schedule evidence is not treated as ownership evidence.
VESSEL_00190,MSC UTMOST VIII,,Unresolved ownership/operator; canonical IMO seed,9302621,IMO populated — checksum valid,High,2026-09-07,https://www.vesselfinder.com/vessels/details/9302621,SRC_0192,Operating / schedule-observed,Added in v1.5 fleet-build pass. Schedule evidence is not treated as ownership evidence.
VESSEL_00191,MSC TARA III,,Unresolved ownership/operator; canonical IMO seed,9259381,IMO populated — checksum valid,High,2026-09-07,https://www.vesselfinder.com/vessels/details/9259381,SRC_0192,Operating / schedule-observed,Added in v1.5 fleet-build pass. Schedule evidence is not treated as ownership evidence.
VESSEL_00192,MSC KAYLA,,Unresolved ownership/operator; canonical IMO seed,9242637,IMO populated — checksum valid,High,2026-09-07,https://www.vesselfinder.com/vessels/details/9242637,SRC_0192,Operating / schedule-observed,Added in v1.5 fleet-build pass. Schedule evidence is not treated as ownership evidence.
VESSEL_00193,MSC JENNY II,,Unresolved ownership/operator; canonical IMO seed,9000742,IMO populated — checksum valid,High,2026-09-07,https://www.vesselfinder.com/vessels/details/9000742,SRC_0192,Operating / schedule-observed,Added in v1.5 fleet-build pass. Schedule evidence is not treated as ownership evidence.
VESSEL_00194,MSC SHANGHAI V,,Unresolved ownership/operator; canonical IMO seed,9231822,IMO populated — checksum valid,High,2026-09-07,https://www.vesselfinder.com/vessels/details/9231822,SRC_0192,Operating / schedule-observed,Added in v1.5 fleet-build pass. Schedule evidence is not treated as ownership evidence.
VESSEL_00195,MAERSK SANA,,Unresolved ownership/operator; canonical IMO seed,9289922,IMO populated — checksum valid,High,2026-09-07,https://www.vesselfinder.com/vessels/details/9289922,SRC_0193,Operating / schedule-observed,Added in v1.5 fleet-build pass. Schedule evidence is not treated as ownership evidence.
VESSEL_00196,MAERSK STOCKHOLM,,Unresolved ownership/operator; canonical IMO seed,9352042,IMO populated — checksum valid,High,2026-09-07,https://www.vesselfinder.com/vessels/details/9352042,SRC_0193,Operating / schedule-observed,Added in v1.5 fleet-build pass. Schedule evidence is not treated as ownership evidence.
VESSEL_00197,ADRIAN MAERSK,,Unresolved ownership/operator; canonical IMO seed,9948815,IMO populated — checksum valid,High,2026-09-07,https://www.vesselfinder.com/vessels/details/9948815,SRC_0193,Operating / schedule-observed,Added in v1.5 fleet-build pass. Schedule evidence is not treated as ownership evidence.
VESSEL_00198,BSG BONAIRE,,Unresolved ownership/operator; canonical IMO seed,9303766,IMO populated — checksum valid,High,2026-09-07,https://www.vesselfinder.com/vessels/details/9303766,SRC_0193,Operating / schedule-observed,Added in v1.5 fleet-build pass. Schedule evidence is not treated as ownership evidence.
VESSEL_00199,AS SIMONE,,Unresolved ownership/operator; canonical IMO seed,9813814,IMO populated — checksum valid,High,2026-09-07,https://www.vesselfinder.com/vessels/details/9813814,SRC_0193,Operating / schedule-observed,Added in v1.5 fleet-build pass. Schedule evidence is not treated as ownership evidence.
VESSEL_00200,XIN FEI ZHOU,,Unresolved ownership/operator; canonical IMO seed,9337937,IMO populated — checksum valid,High,2026-09-07,https://www.vesselfinder.com/vessels/details/9337937,SRC_0194,Operating / schedule-observed,Added in v1.5 fleet-build pass. Schedule evidence is not treated as ownership evidence.
VESSEL_00201,XIN TAI CANG,,Unresolved ownership/operator; canonical IMO seed,9320465,IMO populated — checksum valid,High,2026-09-07,https://www.vesselfinder.com/vessels/details/9320465,SRC_0194,Operating / schedule-observed,Added in v1.5 fleet-build pass. Schedule evidence is not treated as ownership evidence.
VESSEL_00202,SEASMILE,,Unresolved ownership/operator; canonical IMO seed,9632820,IMO populated — checksum valid,High,2026-09-07,https://www.vesselfinder.com/vessels/details/9632820,SRC_0194,Operating / schedule-observed,Added in v1.5 fleet-build pass. Schedule evidence is not treated as ownership evidence.
VESSEL_00203,HANSA BREITENBURG,,Unresolved ownership/operator; canonical IMO seed,9155391,IMO populated — checksum valid,High,2026-09-07,https://www.vesselfinder.com/vessels/details/9155391,SRC_0194,Operating / schedule-observed,Added in v1.5 fleet-build pass. Schedule evidence is not treated as ownership evidence.
VESSEL_00204,SMC COLUMBUS,,Unresolved ownership/operator; canonical IMO seed,9961556,IMO populated — checksum valid,High,2026-09-07,https://www.vesselfinder.com/vessels/details/9961556,SRC_0194,Operating / schedule-observed,Added in v1.5 fleet-build pass. Schedule evidence is not treated as ownership evidence.
VESSEL_00205,EVER FAR,,Unresolved ownership/operator; canonical IMO seed,9850862,IMO populated — checksum valid,High,2026-09-07,https://www.vesselfinder.com/vessels/details/9850862,SRC_0195,Operating / schedule-observed,Added in v1.5 fleet-build pass. Schedule evidence is not treated as ownership evidence.
VESSEL_00206,EVER BEFIT,,Unresolved ownership/operator; canonical IMO seed,9784128,IMO populated — checksum valid,High,2026-09-07,https://www.vesselfinder.com/vessels/details/9784128,SRC_0195,Operating / schedule-observed,Added in v1.5 fleet-build pass. Schedule evidence is not treated as ownership evidence.
VESSEL_00207,EVER LINKING,,Unresolved ownership/operator; canonical IMO seed,9629043,IMO populated — checksum valid,High,2026-09-07,https://www.vesselfinder.com/vessels/details/9629043,SRC_0195,Operating / schedule-observed,Added in v1.5 fleet-build pass. Schedule evidence is not treated as ownership evidence.
VESSEL_00208,EVER MEMO,,Unresolved ownership/operator; canonical IMO seed,9935272,IMO populated — checksum valid,High,2026-09-07,https://www.vesselfinder.com/vessels/details/9935272,SRC_0195,Operating / schedule-observed,Added in v1.5 fleet-build pass. Schedule evidence is not treated as ownership evidence.
VESSEL_00209,NORTHERN PRACTISE,,Unresolved ownership/operator; canonical IMO seed,9450301,IMO populated — checksum valid,High,2026-09-07,https://www.vesselfinder.com/vessels/details/9450301,SRC_0195,Operating / schedule-observed,Added in v1.5 fleet-build pass. Schedule evidence is not treated as ownership evidence.
VESSEL_00210,VALPARAISO EXPRESS,,Unresolved ownership/operator; canonical IMO seed,9777589,IMO populated — checksum valid,High,2026-09-07,https://www.vesselfinder.com/vessels/details/9777589,SRC_0196,Operating / schedule-observed,Added in v1.5 fleet-build pass. Schedule evidence is not treated as ownership evidence.
VESSEL_00211,SALERNO EXPRESS,,Unresolved ownership/operator; canonical IMO seed,9439761,IMO populated — checksum valid,High,2026-09-07,https://www.vesselfinder.com/vessels/details/9439761,SRC_0196,Operating / schedule-observed,Added in v1.5 fleet-build pass. Schedule evidence is not treated as ownership evidence.
VESSEL_00212,CARTAGENA EXPRESS,,Unresolved ownership/operator; canonical IMO seed,9777618,IMO populated — checksum valid,High,2026-09-07,https://www.vesselfinder.com/vessels/details/9777618,SRC_0196,Operating / schedule-observed,Added in v1.5 fleet-build pass. Schedule evidence is not treated as ownership evidence.
VESSEL_00213,DAMIETTA EXPRESS,,Unresolved ownership/operator; canonical IMO seed,9543108,IMO populated — checksum valid,High,2026-09-07,https://www.vesselfinder.com/vessels/details/9543108,SRC_0196,Operating / schedule-observed,Added in v1.5 fleet-build pass. Schedule evidence is not treated as ownership evidence.
VESSEL_00214,AL NASRIYAH,,Unresolved ownership/operator; canonical IMO seed,9708849,IMO populated — checksum valid,High,2026-09-07,https://www.vesselfinder.com/vessels/details/9708849,SRC_0196,Operating / schedule-observed,Added in v1.5 fleet-build pass. Schedule evidence is not treated as ownership evidence.
VESSEL_00215,NYK FUJI,,Unresolved ownership/operator; canonical IMO seed,9482938,IMO populated — checksum valid,High,2026-09-07,https://www.vesselfinder.com/vessels/details/9482938,SRC_0197,Operating / schedule-observed,Added in v1.5 fleet-build pass. Schedule evidence is not treated as ownership evidence.
VESSEL_00216,ONE SPHERE,,Unresolved ownership/operator; canonical IMO seed,9975624,IMO populated — checksum valid,High,2026-09-07,https://www.vesselfinder.com/vessels/details/9975624,SRC_0197,Operating / schedule-observed,Added in v1.5 fleet-build pass. Schedule evidence is not treated as ownership evidence.
VESSEL_00217,NYK VENUS,,Unresolved ownership/operator; canonical IMO seed,9312793,IMO populated — checksum valid,High,2026-09-07,https://www.vesselfinder.com/vessels/details/9312793,SRC_0197,Operating / schedule-observed,Added in v1.5 fleet-build pass. Schedule evidence is not treated as ownership evidence.
VESSEL_00218,ONE MODERN,,Unresolved ownership/operator; canonical IMO seed,9475636,IMO populated — checksum valid,High,2026-09-07,https://www.vesselfinder.com/vessels/details/9475636,SRC_0197,Operating / schedule-observed,Added in v1.5 fleet-build pass. Schedule evidence is not treated as ownership evidence.
VESSEL_00219,ONE MILLAU,,Unresolved ownership/operator; canonical IMO seed,9706736,IMO populated — checksum valid,High,2026-09-07,https://www.vesselfinder.com/vessels/details/9706736,SRC_0197,Operating / schedule-observed,Added in v1.5 fleet-build pass. Schedule evidence is not treated as ownership evidence.
VESSEL_00220,IBN AL ABBAR,,Unresolved ownership/operator; canonical IMO seed,9194490,IMO populated — checksum valid,High,2026-09-07,https://www.vesselfinder.com/vessels/details/9194490,SRC_0198,Operating / schedule-observed,Added in v1.5 fleet-build pass. Schedule evidence is not treated as ownership evidence.
VESSEL_00221,YM CAPACITY,,Unresolved ownership/operator; canonical IMO seed,9864540,IMO populated — checksum valid,High,2026-09-07,https://www.vesselfinder.com/vessels/details/9864540,SRC_0198,Operating / schedule-observed,Added in v1.5 fleet-build pass. Schedule evidence is not treated as ownership evidence.
VESSEL_00222,YM INCEPTION,,Unresolved ownership/operator; canonical IMO seed,9319155,IMO populated — checksum valid,High,2026-09-07,https://www.vesselfinder.com/vessels/details/9319155,SRC_0198,Operating / schedule-observed,Added in v1.5 fleet-build pass. Schedule evidence is not treated as ownership evidence.
VESSEL_00223,YM EXCELLENCE,,Unresolved ownership/operator; canonical IMO seed,9496616,IMO populated — checksum valid,High,2026-09-07,https://www.vesselfinder.com/vessels/details/9496616,SRC_0198,Operating / schedule-observed,Added in v1.5 fleet-build pass. Schedule evidence is not treated as ownership evidence.
VESSEL_00224,YM IMMENSE,,Unresolved ownership/operator; canonical IMO seed,9319131,IMO populated — checksum valid,High,2026-09-07,https://www.vesselfinder.com/vessels/details/9319131,SRC_0198,Operating / schedule-observed,Added in v1.5 fleet-build pass. Schedule evidence is not treated as ownership evidence.
VESSEL_00225,HMM VANCOUVER,,Unresolved ownership/operator; canonical IMO seed,9463085,IMO populated — checksum valid,High,2026-09-07,https://www.vesselfinder.com/vessels/details/9463085,SRC_0199,Operating / schedule-observed,Added in v1.5 fleet-build pass. Schedule evidence is not treated as ownership evidence.
VESSEL_00226,HMM EMERALD,,Unresolved ownership/operator; canonical IMO seed,9944493,IMO populated — checksum valid,High,2026-09-07,https://www.vesselfinder.com/vessels/details/9944493,SRC_0199,Operating / schedule-observed,Added in v1.5 fleet-build pass. Schedule evidence is not treated as ownership evidence.
VESSEL_00227,HMM HARMONY,,Unresolved ownership/operator; canonical IMO seed,9981142,IMO populated — checksum valid,High,2026-09-07,https://www.vesselfinder.com/vessels/details/9981142,SRC_0199,Operating / schedule-observed,Added in v1.5 fleet-build pass. Schedule evidence is not treated as ownership evidence.
VESSEL_00228,SKY RAINBOW,,Unresolved ownership/operator; canonical IMO seed,9925722,IMO populated — checksum valid,High,2026-09-07,https://www.vesselfinder.com/vessels/details/9925722,SRC_0199,Operating / schedule-observed,Added in v1.5 fleet-build pass. Schedule evidence is not treated as ownership evidence.
VESSEL_00229,HMM SKY,,Unresolved ownership/operator; canonical IMO seed,9976599,IMO populated — checksum valid,High,2026-09-07,https://www.vesselfinder.com/vessels/details/9976599,SRC_0199,Operating / schedule-observed,Added in v1.5 fleet-build pass. Schedule evidence is not treated as ownership evidence.
VESSEL_00230,KOTA SANTOS,,Unresolved ownership/operator; canonical IMO seed,9293765,IMO populated — checksum valid,High,2026-09-07,https://www.vesselfinder.com/vessels/details/9293765,SRC_0200,Operating / schedule-observed,Added in v1.5 fleet-build pass. Schedule evidence is not treated as ownership evidence.
VESSEL_00231,KOTA SABAS,,Unresolved ownership/operator; canonical IMO seed,9645451,IMO populated — checksum valid,High,2026-09-07,https://www.vesselfinder.com/vessels/details/9645451,SRC_0200,Operating / schedule-observed,Added in v1.5 fleet-build pass. Schedule evidence is not treated as ownership evidence.
VESSEL_00232,KOTA GAYA,,Unresolved ownership/operator; canonical IMO seed,9616802,IMO populated — checksum valid,High,2026-09-07,https://www.vesselfinder.com/vessels/details/9616802,SRC_0200,Operating / schedule-observed,Added in v1.5 fleet-build pass. Schedule evidence is not treated as ownership evidence.
VESSEL_00233,SINAR PANGANDARAN,,Unresolved ownership/operator; canonical IMO seed,1033779,IMO populated — checksum valid,High,2026-09-07,https://www.vesselfinder.com/vessels/details/1033779,SRC_0200,Operating / schedule-observed,Added in v1.5 fleet-build pass. Schedule evidence is not treated as ownership evidence.
VESSEL_00234,KOTA SEMPENA,,Unresolved ownership/operator; canonical IMO seed,9681273,IMO populated — checksum valid,High,2026-09-07,https://www.vesselfinder.com/vessels/details/9681273,SRC_0200,Operating / schedule-observed,Added in v1.5 fleet-build pass. Schedule evidence is not treated as ownership evidence.
VESSEL_00235,WAN HAI 283,,Unresolved ownership/operator; canonical IMO seed,9871311,IMO populated — checksum valid,High,2026-09-07,https://www.vesselfinder.com/vessels/details/9871311,SRC_0201,Operating / schedule-observed,Added in v1.5 fleet-build pass. Schedule evidence is not treated as ownership evidence.
VESSEL_00236,WAN HAI 358,,Unresolved ownership/operator; canonical IMO seed,9554080,IMO populated — checksum valid,High,2026-09-07,https://www.vesselfinder.com/vessels/details/9554080,SRC_0201,Operating / schedule-observed,Added in v1.5 fleet-build pass. Schedule evidence is not treated as ownership evidence.
VESSEL_00237,WAN HAI 177,,Unresolved ownership/operator; canonical IMO seed,9555137,IMO populated — checksum valid,High,2026-09-07,https://www.vesselfinder.com/vessels/details/9555137,SRC_0201,Operating / schedule-observed,Added in v1.5 fleet-build pass. Schedule evidence is not treated as ownership evidence.
VESSEL_00238,WAN HAI 333,,Unresolved ownership/operator; canonical IMO seed,9951379,IMO populated — checksum valid,High,2026-09-07,https://www.vesselfinder.com/vessels/details/9951379,SRC_0201,Operating / schedule-observed,Added in v1.5 fleet-build pass. Schedule evidence is not treated as ownership evidence.
VESSEL_00239,WAN HAI 101,,Unresolved ownership/operator; canonical IMO seed,9493298,IMO populated — checksum valid,High,2026-09-07,https://www.vesselfinder.com/vessels/details/9493298,SRC_0201,Operating / schedule-observed,Added in v1.5 fleet-build pass. Schedule evidence is not treated as ownership evidence.
VESSEL_00240,ZIM EMERALD,,Unresolved ownership/operator; canonical IMO seed,9967976,IMO populated — checksum valid,High,2026-09-07,https://www.vesselfinder.com/vessels/details/9967976,SRC_0202,Operating / schedule-observed,Added in v1.5 fleet-build pass. Schedule evidence is not treated as ownership evidence.
VESSEL_00241,CARMEL I,,Unresolved ownership/operator; canonical IMO seed,9395927,IMO populated — checksum valid,High,2026-09-07,https://www.vesselfinder.com/vessels/details/9395927,SRC_0202,Operating / schedule-observed,Added in v1.5 fleet-build pass. Schedule evidence is not treated as ownership evidence.
VESSEL_00242,MARLA BULL,,Unresolved ownership/operator; canonical IMO seed,9932945,IMO populated — checksum valid,High,2026-09-07,https://www.vesselfinder.com/vessels/details/9932945,SRC_0202,Operating / schedule-observed,Added in v1.5 fleet-build pass. Schedule evidence is not treated as ownership evidence.
VESSEL_00243,ZIM CHINA,,Unresolved ownership/operator; canonical IMO seed,9389382,IMO populated — checksum valid,High,2026-09-07,https://www.vesselfinder.com/vessels/details/9389382,SRC_0202,Operating / schedule-observed,Added in v1.5 fleet-build pass. Schedule evidence is not treated as ownership evidence.
VESSEL_00244,MTT SANDAKAN,,Unresolved ownership/operator; canonical IMO seed,9872248,IMO populated — checksum valid,High,2026-09-07,https://www.vesselfinder.com/vessels/details/9872248,SRC_0202,Operating / schedule-observed,Added in v1.5 fleet-build pass. Schedule evidence is not treated as ownership evidence.
VESSEL_00245,MARBURG,,Unresolved ownership/operator; canonical IMO seed,9387592,IMO populated — checksum valid,High,2026-09-07,https://www.vesselfinder.com/vessels/details/9387592,SRC_0203,Operating / schedule-observed,Added in v1.5 fleet-build pass. Schedule evidence is not treated as ownership evidence.
VESSEL_00246,ELBSKY,,Unresolved ownership/operator; canonical IMO seed,9412531,IMO populated — checksum valid,High,2026-09-07,https://www.vesselfinder.com/vessels/details/9412531,SRC_0203,Operating / schedule-observed,Added in v1.5 fleet-build pass. Schedule evidence is not treated as ownership evidence.
VESSEL_00247,JUDITH,,Unresolved ownership/operator; canonical IMO seed,9359260,IMO populated — checksum valid,High,2026-09-07,https://www.vesselfinder.com/vessels/details/9359260,SRC_0203,Operating / schedule-observed,Added in v1.5 fleet-build pass. Schedule evidence is not treated as ownership evidence.
VESSEL_00248,ELBSUMMER,,Unresolved ownership/operator; canonical IMO seed,9386718,IMO populated — checksum valid,High,2026-09-07,https://www.vesselfinder.com/vessels/details/9386718,SRC_0203,Operating / schedule-observed,Added in v1.5 fleet-build pass. Schedule evidence is not treated as ownership evidence.
VESSEL_00249,SAN PEDRO,,Unresolved ownership/operator; canonical IMO seed,9625281,IMO populated — checksum valid,High,2026-09-07,https://www.vesselfinder.com/vessels/details/9625281,SRC_0204,Operating / schedule-observed,Added in v1.5 fleet-build pass. Schedule evidence is not treated as ownership evidence.
VESSEL_00250,REN JIAN 8,,Unresolved ownership/operator; canonical IMO seed,9326756,IMO populated — checksum valid,High,2026-09-07,https://www.vesselfinder.com/vessels/details/9326756,SRC_0204,Operating / schedule-observed,Added in v1.5 fleet-build pass. Schedule evidence is not treated as ownership evidence.
VESSEL_00251,ZHONG GU YIN CHUAN,,Unresolved ownership/operator; canonical IMO seed,9938913,IMO populated — checksum valid,High,2026-09-07,https://www.vesselfinder.com/vessels/details/9938913,SRC_0204,Operating / schedule-observed,Added in v1.5 fleet-build pass. Schedule evidence is not treated as ownership evidence.
VESSEL_00252,MARINA VOYAGER,,Unresolved ownership/operator; canonical IMO seed,9400813,IMO populated — checksum valid,High,2026-09-07,https://www.vesselfinder.com/vessels/details/9400813,SRC_0204,Operating / schedule-observed,Added in v1.5 fleet-build pass. Schedule evidence is not treated as ownership evidence.
VESSEL_00253,ESL SHEKOU,,Unresolved ownership/operator; canonical IMO seed,9290945,IMO populated — checksum valid,High,2026-09-07,https://www.vesselfinder.com/vessels/details/9290945,SRC_0205,Operating / schedule-observed,Added in v1.5 fleet-build pass. Schedule evidence is not treated as ownership evidence.
VESSEL_00254,ESL WASL,,Unresolved ownership/operator; canonical IMO seed,9400071,IMO populated — checksum valid,High,2026-09-07,https://www.vesselfinder.com/vessels/details/9400071,SRC_0205,Operating / schedule-observed,Added in v1.5 fleet-build pass. Schedule evidence is not treated as ownership evidence.
VESSEL_00255,ZHONG GU KUN MING,,Unresolved ownership/operator; canonical IMO seed,9933858,IMO populated — checksum valid,High,2026-09-07,https://www.vesselfinder.com/vessels/details/9933858,SRC_0205,Operating / schedule-observed,Added in v1.5 fleet-build pass. Schedule evidence is not treated as ownership evidence.
VESSEL_00256,BRIGHT,,Unresolved ownership/operator; canonical IMO seed,9778399,IMO populated — checksum valid,High,2026-09-07,https://www.vesselfinder.com/vessels/details/9778399,SRC_0205,Operating / schedule-observed,Added in v1.5 fleet-build pass. Schedule evidence is not treated as ownership evidence.
VESSEL_00257,TROUPER,,Unresolved ownership/operator; canonical IMO seed,9326952,IMO populated — checksum valid,High,2026-09-07,https://www.vesselfinder.com/vessels/details/9326952,SRC_0206,Operating / schedule-observed,Added in v1.5 fleet-build pass. Schedule evidence is not treated as ownership evidence.
VESSEL_00258,X PRESS ANGLESEY,,Unresolved ownership/operator; canonical IMO seed,9623843,IMO populated — checksum valid,High,2026-09-07,https://www.vesselfinder.com/vessels/details/9623843,SRC_0206,Operating / schedule-observed,Added in v1.5 fleet-build pass. Schedule evidence is not treated as ownership evidence.
VESSEL_00259,SKY LIGHT,,Unresolved ownership/operator; canonical IMO seed,9118513,IMO populated — checksum valid,High,2026-09-07,https://www.vesselfinder.com/vessels/details/9118513,SRC_0206,Operating / schedule-observed,Added in v1.5 fleet-build pass. Schedule evidence is not treated as ownership evidence.
VESSEL_00260,GOLDEN STAR 1,,Unresolved ownership/operator; canonical IMO seed,8952857,IMO populated — checksum valid,High,2026-09-07,https://www.vesselfinder.com/vessels/details/8952857,SRC_0206,Operating / schedule-observed,Added in v1.5 fleet-build pass. Schedule evidence is not treated as ownership evidence.
VESSEL_00261,SSF VALENCE,,Unresolved ownership/operator; canonical IMO seed,9304693,IMO populated — checksum valid,High,2026-09-07,https://www.vesselfinder.com/vessels/details/9304693,SRC_0207,Operating / schedule-observed,Added in v1.5 fleet-build pass. Schedule evidence is not treated as ownership evidence.
VESSEL_00262,SM MANALI,,Unresolved ownership/operator; canonical IMO seed,9303742,IMO populated — checksum valid,High,2026-09-07,https://www.vesselfinder.com/vessels/details/9303742,SRC_0207,Operating / schedule-observed,Added in v1.5 fleet-build pass. Schedule evidence is not treated as ownership evidence.
VESSEL_00263,REMAH,,Unresolved ownership/operator; canonical IMO seed,9947720,IMO populated — checksum valid,High,2026-09-07,https://www.vesselfinder.com/vessels/details/9947720,SRC_0207,Operating / schedule-observed,Added in v1.5 fleet-build pass. Schedule evidence is not treated as ownership evidence.
VESSEL_00264,MIRROR,,Unresolved ownership/operator; canonical IMO seed,9328041,IMO populated — checksum valid,High,2026-09-07,https://www.vesselfinder.com/vessels/details/9328041,SRC_0207,Operating / schedule-observed,Added in v1.5 fleet-build pass. Schedule evidence is not treated as ownership evidence.
VESSEL_00265,HUA DA 610,,Unresolved ownership/operator; canonical IMO seed,1077385,IMO populated — checksum valid,High,2026-09-07,https://www.vesselfinder.com/vessels/details/1077385,SRC_0208,Operating / schedule-observed,Added in v1.5 fleet-build pass. Schedule evidence is not treated as ownership evidence.
VESSEL_00266,AL BATEEN,,Unresolved ownership/operator; canonical IMO seed,9668984,IMO populated — checksum valid,High,2026-09-07,https://www.vesselfinder.com/vessels/details/9668984,SRC_0208,Operating / schedule-observed,Added in v1.5 fleet-build pass. Schedule evidence is not treated as ownership evidence.
VESSEL_00267,SAFEEN PRIZE,,Unresolved ownership/operator; canonical IMO seed,9603594,IMO populated — checksum valid,High,2026-09-07,https://www.vesselfinder.com/vessels/details/9603594,SRC_0208,Operating / schedule-observed,Added in v1.5 fleet-build pass. Schedule evidence is not treated as ownership evidence.
VESSEL_00268,SSF DREAM,,Unresolved ownership/operator; canonical IMO seed,9346005,IMO populated — checksum valid,High,2026-09-07,https://www.vesselfinder.com/vessels/details/9346005,SRC_0208,Operating / schedule-observed,Added in v1.5 fleet-build pass. Schedule evidence is not treated as ownership evidence.
VESSEL_00269,GFS LETO,,Unresolved ownership/operator; canonical IMO seed,9346562,IMO populated — checksum valid,High,2026-09-07,https://www.vesselfinder.com/vessels/details/9346562,SRC_0209,Operating / registry-observed,Added in v1.5 fleet-build pass. Schedule evidence is not treated as ownership evidence.
VESSEL_00270,GFS LYSA,,Unresolved ownership/operator; canonical IMO seed,9368730,IMO populated — checksum valid,High,2026-09-07,https://www.vesselfinder.com/vessels/details/9368730,SRC_0209,Operating / registry-observed,Added in v1.5 fleet-build pass. Schedule evidence is not treated as ownership evidence.
VESSEL_00271,GFS MARINE 01,,Unresolved ownership/operator; canonical IMO seed,9586368,IMO populated — checksum valid,High,2026-09-07,https://www.vesselfinder.com/vessels/details/9586368,SRC_0209,Operating / registry-observed,Added in v1.5 fleet-build pass. Schedule evidence is not treated as ownership evidence.
VESSEL_00272,GFS RHEA,COMP_GFS,Global Feeder Shipping,9373486,IMO populated — checksum valid,High,2026-09-07,https://www.vesselfinder.com/vessels/details/9373486,SRC_0210,Operating / registry-observed,Added in v1.5 fleet-build pass. Schedule evidence is not treated as ownership evidence.
VESSEL_00273,GFS RHINE,,Unresolved ownership/operator; canonical IMO seed,9435234,IMO populated — checksum valid,High,2026-09-07,https://www.vesselfinder.com/vessels/details/9435234,SRC_0209,Operating / registry-observed,Added in v1.5 fleet-build pass. Schedule evidence is not treated as ownership evidence.
VESSEL_00274,Baie Comeau,COMP_CSL_CANADA,Canada Steamship Lines,9639892,IMO populated — checksum valid,High,2026-09-07,https://www.vesselfinder.com/vessels/details/9639892,SRC_0153,Operating,Generated during v1.9 unified branch merge.
VESSEL_00275,Baie St. Paul,COMP_CSL_CANADA,Canada Steamship Lines,9601027,IMO populated — checksum valid,High,2026-09-07,https://www.vesselfinder.com/vessels/details/9601027,SRC_0153,Operating,Generated during v1.9 unified branch merge.
VESSEL_00276,CSL Assiniboine,COMP_CSL_CANADA,Canada Steamship Lines,7413218,IMO populated — checksum valid,High,2026-09-07,https://www.vesselfinder.com/vessels/details/7413218,SRC_0153,Operating,Generated during v1.9 unified branch merge.
VESSEL_00277,CSL Laurentien,COMP_CSL_CANADA,Canada Steamship Lines,7423108,IMO populated — checksum valid,High,2026-09-07,https://www.vesselfinder.com/vessels/details/7423108,SRC_0153,Operating,Generated during v1.9 unified branch merge.
VESSEL_00278,CSL Niagara,COMP_CSL_CANADA,Canada Steamship Lines,7128423,IMO populated — checksum valid,High,2026-09-07,https://www.vesselfinder.com/vessels/details/7128423,SRC_0153,Operating,Generated during v1.9 unified branch merge.
VESSEL_00279,CSL Tadoussac,COMP_CSL_CANADA,Canada Steamship Lines,6918716,IMO populated — checksum valid,High,2026-09-07,https://www.vesselfinder.com/vessels/details/6918716,SRC_0153,Operating,Generated during v1.9 unified branch merge.
VESSEL_00280,Frontenac,COMP_CSL_CANADA,Canada Steamship Lines,6804848,IMO populated — checksum valid,High,2026-09-07,https://www.vesselfinder.com/vessels/details/6804848,SRC_0153,Operating,Generated during v1.9 unified branch merge.
VESSEL_00281,Nukumi,COMP_CSL_CANADA,Canada Steamship Lines,9914711,IMO populated — checksum valid,High,2026-09-07,https://www.vesselfinder.com/vessels/details/9914711,SRC_0169,Operating,Generated during v1.9 unified branch merge.
VESSEL_00282,Rt. Hon. Paul J. Martin,COMP_CSL_CANADA,Canada Steamship Lines,7324405,IMO populated — checksum valid,High,2026-09-07,https://www.vesselfinder.com/vessels/details/7324405,SRC_0153,Operating,Generated during v1.9 unified branch merge.
VESSEL_00283,Thunder Bay,COMP_CSL_CANADA,Canada Steamship Lines,9601039,IMO populated — checksum valid,High,2026-09-07,https://www.vesselfinder.com/vessels/details/9601039,SRC_0153,Operating,Generated during v1.9 unified branch merge.
VESSEL_00284,Whitefish Bay,COMP_CSL_CANADA,Canada Steamship Lines,9639880,IMO populated — checksum valid,High,2026-09-07,https://www.vesselfinder.com/vessels/details/9639880,SRC_0153,Operating,Generated during v1.9 unified branch merge.
VESSEL_00285,CSL St-Laurent,COMP_CSL_CANADA,Canada Steamship Lines,9665281,IMO populated — checksum valid,High,2026-09-07,https://www.vesselfinder.com/vessels/details/9665281,SRC_0153,Operating,Generated during v1.9 unified branch merge.
VESSEL_00286,CSL Welland,COMP_CSL_CANADA,Canada Steamship Lines,9665279,IMO populated — checksum valid,High,2026-09-07,https://www.vesselfinder.com/vessels/details/9665279,SRC_0153,Operating,Generated during v1.9 unified branch merge.
VESSEL_00287,Ferbec,COMP_CSL_CANADA,Canada Steamship Lines,9259848,IMO populated — checksum valid,High,2026-09-07,https://www.vesselfinder.com/vessels/details/9259848,SRC_0153,Operating,Generated during v1.9 unified branch merge.
VESSEL_00288,Oakglen,COMP_CSL_CANADA,Canada Steamship Lines,7901148,IMO populated — checksum valid,High,2026-09-07,https://www.vesselfinder.com/vessels/details/7901148,SRC_0153,Operating,Generated during v1.9 unified branch merge.
VESSEL_00289,Spruceglen,COMP_CSL_CANADA,Canada Steamship Lines,8119261,IMO populated — checksum valid,High,2026-09-07,https://www.vesselfinder.com/vessels/details/8119261,SRC_0153,Operating,Generated during v1.9 unified branch merge.
VESSEL_00290,Tamarack,COMP_EUREKA_SHIPPING,Eureka Shipping,1037153,IMO populated — checksum valid,High,2026-09-07,https://www.vesselfinder.com/vessels/details/1037153,SRC_0170,Operating,Generated during v1.9 unified branch merge.
VESSEL_00291,Algoma Guardian,COMP_ALGOMA,Algoma Central Corporation,8505850,IMO populated — checksum valid,High,2026-09-07,https://www.vesselfinder.com/vessels/details/8505850,SRC_0167,2023 regulator-recorded; current status to verify,Generated during v1.9 unified branch merge.
VESSEL_00292,Algoma Harvester,COMP_ALGOMA,Algoma Central Corporation,9613939,IMO populated — checksum valid,High,2026-09-07,https://www.vesselfinder.com/vessels/details/9613939,SRC_0167,2023 regulator-recorded; current status to verify,Generated during v1.9 unified branch merge.
VESSEL_00293,Algoma Innovator,COMP_ALGOMA,Algoma Central Corporation,9773375,IMO populated — checksum valid,High,2026-09-07,https://www.vesselfinder.com/vessels/details/9773375,SRC_0167,2023 regulator-recorded; current status to verify,Generated during v1.9 unified branch merge.
VESSEL_00294,Algoma Intrepid,COMP_ALGOMA,Algoma Central Corporation,9773387,IMO populated — checksum valid,High,2026-09-07,https://www.vesselfinder.com/vessels/details/9773387,SRC_0167,2023 regulator-recorded; current status to verify,Generated during v1.9 unified branch merge.
VESSEL_00295,Algoma Mariner,COMP_ALGOMA,Algoma Central Corporation,9587893,IMO populated — checksum valid,High,2026-09-07,https://www.vesselfinder.com/vessels/details/9587893,SRC_0167,2023 regulator-recorded; current status to verify,Generated during v1.9 unified branch merge.
VESSEL_00296,Algoma Niagara,COMP_ALGOMA,Algoma Central Corporation,9619270,IMO populated — checksum valid,High,2026-09-07,https://www.vesselfinder.com/vessels/details/9619270,SRC_0167,2023 regulator-recorded; current status to verify,Generated during v1.9 unified branch merge.
VESSEL_00297,Algoma Sault,COMP_ALGOMA,Algoma Central Corporation,9619282,IMO populated — checksum valid,High,2026-09-07,https://www.vesselfinder.com/vessels/details/9619282,SRC_0167,2023 regulator-recorded; current status to verify,Generated during v1.9 unified branch merge.
VESSEL_00298,Algoma Strongfield,COMP_ALGOMA,Algoma Central Corporation,9613953,IMO populated — checksum valid,High,2026-09-07,https://www.vesselfinder.com/vessels/details/9613953,SRC_0167,2023 regulator-recorded; current status to verify,Generated during v1.9 unified branch merge.
VESSEL_00299,Algoma Transport,COMP_ALGOMA,Algoma Central Corporation,7711737,IMO populated — checksum valid,High,2026-09-07,https://www.vesselfinder.com/vessels/details/7711737,SRC_0167,2023 regulator-recorded; current status to verify,Generated during v1.9 unified branch merge.
VESSEL_00300,Capt. Henry Jackman,COMP_ALGOMA,Algoma Central Corporation,9619294,IMO populated — checksum valid,High,2026-09-07,https://www.vesselfinder.com/vessels/details/9619294,SRC_0167,2023 regulator-recorded; current status to verify,Generated during v1.9 unified branch merge.
VESSEL_00301,G3 Marquis,COMP_ALGOMA,Algoma Central Corporation,9613941,IMO populated — checksum valid,High,2026-09-07,https://www.vesselfinder.com/vessels/details/9613941,SRC_0167,2023 regulator-recorded; current status to verify,Generated during v1.9 unified branch merge.
VESSEL_00302,John D Leitch,COMP_ALGOMA,Algoma Central Corporation,6714586,IMO populated — checksum valid,High,2026-09-07,https://www.vesselfinder.com/vessels/details/6714586,SRC_0167,2023 regulator-recorded; current status to verify,Generated during v1.9 unified branch merge.
VESSEL_00303,Radcliffe R Latimer,COMP_ALGOMA,Algoma Central Corporation,7711725,IMO populated — checksum valid,High,2026-09-07,https://www.vesselfinder.com/vessels/details/7711725,SRC_0167,2023 regulator-recorded; current status to verify,Generated during v1.9 unified branch merge.
VESSEL_00304,Tim S Dool,COMP_ALGOMA,Algoma Central Corporation,6800919,IMO populated — checksum valid,High,2026-09-07,https://www.vesselfinder.com/vessels/details/6800919,SRC_0167,2023 regulator-recorded; current status to verify,Generated during v1.9 unified branch merge.
VESSEL_00305,Algonova,COMP_ALGOMA,Algoma Central Corporation,9378589,IMO populated — checksum valid,High,2026-09-07,https://www.vesselfinder.com/vessels/details/9378589,SRC_0167,2023 regulator-recorded; current status to verify,Generated during v1.9 unified branch merge.
VESSEL_00306,Algoscotia,COMP_ALGOMA,Algoma Central Corporation,9273222,IMO populated — checksum valid,High,2026-09-07,https://www.vesselfinder.com/vessels/details/9273222,SRC_0167,2023 regulator-recorded; current status to verify,Generated during v1.9 unified branch merge.
VESSEL_00307,Algosea,COMP_ALGOMA,Algoma Central Corporation,9127198,IMO populated — checksum valid,High,2026-09-07,https://www.vesselfinder.com/vessels/details/9127198,SRC_0167,2023 regulator-recorded; current status to verify,Generated during v1.9 unified branch merge.
VESSEL_00308,Algoterra,COMP_ALGOMA,Algoma Central Corporation,9442249,IMO populated — checksum valid,High,2026-09-07,https://www.vesselfinder.com/vessels/details/9442249,SRC_0167,2023 regulator-recorded; current status to verify,Generated during v1.9 unified branch merge.
VESSEL_00309,Algotitan,COMP_ALGOMA,Algoma Central Corporation,9333802,IMO populated — checksum valid,High,2026-09-07,https://www.vesselfinder.com/vessels/details/9333802,SRC_0167,2023 regulator-recorded; current status to verify,Generated during v1.9 unified branch merge.
VESSEL_00310,Algoma Bear,COMP_ALGOMA,Algoma Central Corporation,9619309,IMO populated — checksum valid,High,2026-09-07,https://www.vesselfinder.com/vessels/details/9619309,SRC_0174,Operating,Generated during v1.9 unified branch merge.
VESSEL_00311,Algoma Endeavour,COMP_ALGOMA,Algoma Central Corporation,9790141,IMO populated — checksum valid,High,2026-09-07,https://www.vesselfinder.com/vessels/details/9790141,SRC_0175,Operating,Generated during v1.9 unified branch merge.
VESSEL_00312,Algoma East Coast,COMP_FUNDY_TANKERS,Fundy Tankers Ltd.,1022079,IMO populated — checksum valid,High,2026-09-07,https://www.vesselfinder.com/vessels/details/1022079,SRC_0172,Operating,Generated during v1.9 unified branch merge.
VESSEL_00313,Algoma Acadian,COMP_FUNDY_TANKERS,Fundy Tankers Ltd.,1022081,IMO populated — checksum valid,High,2026-09-07,https://www.vesselfinder.com/vessels/details/1022081,SRC_0173,Operating,Generated during v1.9 unified branch merge.
VESSEL_00314,Mark W. Barker,COMP_INTERLAKE,The Interlake Steamship Company,9962445,IMO populated — checksum valid,High,2026-09-07,https://www.vesselfinder.com/vessels/details/9962445,SRC_0156,Operating,Generated during v1.9 unified branch merge.
VESSEL_00315,Paul R. Tregurtha,COMP_INTERLAKE,The Interlake Steamship Company,7729057,IMO populated — checksum valid,High,2026-09-07,https://www.vesselfinder.com/vessels/details/7729057,SRC_0156,Operating,Generated during v1.9 unified branch merge.
VESSEL_00316,James R. Barker,COMP_INTERLAKE,The Interlake Steamship Company,7390260,IMO populated — checksum valid,High,2026-09-07,https://www.vesselfinder.com/vessels/details/7390260,SRC_0156,Operating,Generated during v1.9 unified branch merge.
VESSEL_00317,Mesabi Miner,COMP_INTERLAKE,The Interlake Steamship Company,7390272,IMO populated — checksum valid,High,2026-09-07,https://www.vesselfinder.com/vessels/details/7390272,SRC_0156,Operating,Generated during v1.9 unified branch merge.
VESSEL_00318,Lee A. Tregurtha,COMP_INTERLAKE,The Interlake Steamship Company,5385625,IMO populated — checksum valid,High,2026-09-07,https://www.vesselfinder.com/vessels/details/5385625,SRC_0156,Operating,Generated during v1.9 unified branch merge.
VESSEL_00319,Honorable James L. Oberstar,COMP_INTERLAKE,The Interlake Steamship Company,5322518,IMO populated — checksum valid,High,2026-09-07,https://www.vesselfinder.com/vessels/details/5322518,SRC_0156,Operating,Generated during v1.9 unified branch merge.
VESSEL_00320,Kaye E. Barker,COMP_INTERLAKE,The Interlake Steamship Company,5097450,IMO populated — checksum valid,High,2026-09-07,https://www.vesselfinder.com/vessels/details/5097450,SRC_0156,Operating,Generated during v1.9 unified branch merge.
VESSEL_00321,Herbert C. Jackson,COMP_INTERLAKE,The Interlake Steamship Company,5148417,IMO populated — checksum valid,High,2026-09-07,https://www.vesselfinder.com/vessels/details/5148417,SRC_0156,Operating,Generated during v1.9 unified branch merge.
VESSEL_00322,Dorothy Ann,COMP_INTERLAKE,The Interlake Steamship Company,8955732,IMO populated — checksum valid,High,2026-09-07,https://www.vesselfinder.com/vessels/details/8955732,SRC_0156,Operating,Generated during v1.9 unified branch merge.
VESSEL_00323,Stewart J. Cort,COMP_INTERLAKE,The Interlake Steamship Company,7105495,IMO populated — checksum valid,High,2026-09-07,https://www.vesselfinder.com/vessels/details/7105495,SRC_0156,Operating,Generated during v1.9 unified branch merge.
VESSEL_00324,American Century,COMP_ASC,American Steamship Company,7923196,IMO populated — checksum valid,High,2026-09-07,https://www.vesselfinder.com/vessels/details/7923196,SRC_0167,2023 regulator-recorded; current status to verify,Generated during v1.9 unified branch merge.
VESSEL_00325,American Courage,COMP_ASC,American Steamship Company,7634226,IMO populated — checksum valid,High,2026-09-07,https://www.vesselfinder.com/vessels/details/7634226,SRC_0167,2023 regulator-recorded; current status to verify,Generated during v1.9 unified branch merge.
VESSEL_00326,American Integrity,COMP_ASC,American Steamship Company,7514696,IMO populated — checksum valid,High,2026-09-07,https://www.vesselfinder.com/vessels/details/7514696,SRC_0167,2023 regulator-recorded; current status to verify,Generated during v1.9 unified branch merge.
VESSEL_00327,American Mariner,COMP_ASC,American Steamship Company,7812567,IMO populated — checksum valid,High,2026-09-07,https://www.vesselfinder.com/vessels/details/7812567,SRC_0167,2023 regulator-recorded; current status to verify,Generated during v1.9 unified branch merge.
VESSEL_00328,American Spirit,COMP_ASC,American Steamship Company,7423392,IMO populated — checksum valid,High,2026-09-07,https://www.vesselfinder.com/vessels/details/7423392,SRC_0167,2023 regulator-recorded; current status to verify,Generated during v1.9 unified branch merge.
VESSEL_00329,Burns Harbor,COMP_ASC,American Steamship Company,7514713,IMO populated — checksum valid,High,2026-09-07,https://www.vesselfinder.com/vessels/details/7514713,SRC_0167,2023 regulator-recorded; current status to verify,Generated during v1.9 unified branch merge.
VESSEL_00330,H. Lee White,COMP_ASC,American Steamship Company,7366362,IMO populated — checksum valid,High,2026-09-07,https://www.vesselfinder.com/vessels/details/7366362,SRC_0167,2023 regulator-recorded; current status to verify,Generated during v1.9 unified branch merge.
VESSEL_00331,Indiana Harbor,COMP_ASC,American Steamship Company,7514701,IMO populated — checksum valid,High,2026-09-07,https://www.vesselfinder.com/vessels/details/7514701,SRC_0167,2023 regulator-recorded; current status to verify,Generated during v1.9 unified branch merge.
VESSEL_00332,John J Boland,COMP_ASC,American Steamship Company,7318901,IMO populated — checksum valid,High,2026-09-07,https://www.vesselfinder.com/vessels/details/7318901,SRC_0167,2023 regulator-recorded; current status to verify,Generated during v1.9 unified branch merge.
VESSEL_00333,Sam Laud,COMP_ASC,American Steamship Company,7390210,IMO populated — checksum valid,High,2026-09-07,https://www.vesselfinder.com/vessels/details/7390210,SRC_0167,2023 regulator-recorded; current status to verify,Generated during v1.9 unified branch merge.
VESSEL_00334,Walter J. McCarthy Jr.,COMP_ASC,American Steamship Company,7514684,IMO populated — checksum valid,High,2026-09-07,https://www.vesselfinder.com/vessels/details/7514684,SRC_0167,2023 regulator-recorded; current status to verify,Generated during v1.9 unified branch merge.
VESSEL_00335,Calumet,COMP_GRN,Grand River Navigation,7329314,IMO populated — checksum valid,High,2026-09-07,https://www.vesselfinder.com/vessels/details/7329314,SRC_0167,2023 regulator-recorded; current status to verify,Generated during v1.9 unified branch merge.
VESSEL_00336,Defiance,COMP_GRN,Grand River Navigation,8109761,IMO populated — checksum valid,High,2026-09-07,https://www.vesselfinder.com/vessels/details/8109761,SRC_0167,2023 regulator-recorded; current status to verify,Generated during v1.9 unified branch merge.
VESSEL_00337,Manitowoc,COMP_GRN,Grand River Navigation,7366398,IMO populated — checksum valid,High,2026-09-07,https://www.vesselfinder.com/vessels/details/7366398,SRC_0167,2023 regulator-recorded; current status to verify,Generated during v1.9 unified branch merge.
VESSEL_00338,Menominee,COMP_GRN,Grand River Navigation,5336351,IMO populated — checksum valid,High,2026-09-07,https://www.vesselfinder.com/vessels/details/5336351,SRC_0167,2023 regulator-recorded; current status to verify,Generated during v1.9 unified branch merge.
VESSEL_00339,Victory,COMP_GRN,Grand River Navigation,8003292,IMO populated — checksum valid,High,2026-09-07,https://www.vesselfinder.com/vessels/details/8003292,SRC_0167,2023 regulator-recorded; current status to verify,Generated during v1.9 unified branch merge.
VESSEL_00340,Olive L Moore,COMP_GRN,Grand River Navigation,,IMO pending,Low,2026-09-07,,SRC_0167,2023 regulator-recorded; IMO unresolved,Generated during v1.9 unified branch merge.
VESSEL_00341,Ashtabula,COMP_GRN,Grand River Navigation,,IMO pending,Low,2026-09-07,,SRC_0167,2023 regulator-recorded; IMO unresolved,Generated during v1.9 unified branch merge.
VESSEL_00342,Cuyahoga,COMP_LOWER_LAKES,Lower Lakes Towing,5166392,IMO populated — checksum valid,High,2026-09-07,https://www.vesselfinder.com/vessels/details/5166392,SRC_0167,2023 regulator-recorded; current status to verify,Generated during v1.9 unified branch merge.
VESSEL_00343,Kaministiqua,COMP_LOWER_LAKES,Lower Lakes Towing,8119285,IMO populated — checksum valid,High,2026-09-07,https://www.vesselfinder.com/vessels/details/8119285,SRC_0167,2023 regulator-recorded; current status to verify,Generated during v1.9 unified branch merge.
VESSEL_00344,Manitoulin,COMP_LOWER_LAKES,Lower Lakes Towing,8810918,IMO populated — checksum valid,High,2026-09-07,https://www.vesselfinder.com/vessels/details/8810918,SRC_0167,2023 regulator-recorded; current status to verify,Generated during v1.9 unified branch merge.
VESSEL_00345,Michipicoten,COMP_LOWER_LAKES,Lower Lakes Towing,5102865,IMO populated — checksum valid,High,2026-09-07,https://www.vesselfinder.com/vessels/details/5102865,SRC_0167,2023 regulator-recorded; current status to verify,Generated during v1.9 unified branch merge.
VESSEL_00346,Robert S. Pierson,COMP_LOWER_LAKES,Lower Lakes Towing,7366403,IMO populated — checksum valid,High,2026-09-07,https://www.vesselfinder.com/vessels/details/7366403,SRC_0167,2023 regulator-recorded; current status to verify,Generated during v1.9 unified branch merge.
VESSEL_00347,Saginaw,COMP_LOWER_LAKES,Lower Lakes Towing,5173876,IMO populated — checksum valid,High,2026-09-07,https://www.vesselfinder.com/vessels/details/5173876,SRC_0167,2023 regulator-recorded; current status to verify,Generated during v1.9 unified branch merge.
VESSEL_00348,Arthur M. Anderson,COMP_GREAT_LAKES_FLEET,Great Lakes Fleet,5025691,IMO populated — checksum valid,High,2026-09-07,https://www.vesselfinder.com/vessels/details/5025691,SRC_0167,2023 regulator-recorded; current status to verify,Generated during v1.9 unified branch merge.
VESSEL_00349,Cason J. Callaway,COMP_GREAT_LAKES_FLEET,Great Lakes Fleet,5065392,IMO populated — checksum valid,High,2026-09-07,https://www.vesselfinder.com/vessels/details/5065392,SRC_0167,2023 regulator-recorded; current status to verify,Generated during v1.9 unified branch merge.
VESSEL_00350,Edgar B. Speer,COMP_GREAT_LAKES_FLEET,Great Lakes Fleet,7625952,IMO populated — checksum valid,High,2026-09-07,https://www.vesselfinder.com/vessels/details/7625952,SRC_0167,2023 regulator-recorded; current status to verify,Generated during v1.9 unified branch merge.
VESSEL_00351,Edwin H. Gott,COMP_GREAT_LAKES_FLEET,Great Lakes Fleet,7606061,IMO populated — checksum valid,High,2026-09-07,https://www.vesselfinder.com/vessels/details/7606061,SRC_0167,2023 regulator-recorded; current status to verify,Generated during v1.9 unified branch merge.
VESSEL_00352,Great Republic,COMP_GREAT_LAKES_FLEET,Great Lakes Fleet,7914236,IMO populated — checksum valid,High,2026-09-07,https://www.vesselfinder.com/vessels/details/7914236,SRC_0167,2023 regulator-recorded; current status to verify,Generated during v1.9 unified branch merge.
VESSEL_00353,John G. Munson,COMP_GREAT_LAKES_FLEET,Great Lakes Fleet,5173670,IMO populated — checksum valid,High,2026-09-07,https://www.vesselfinder.com/vessels/details/5173670,SRC_0167,2023 regulator-recorded; current status to verify,Generated during v1.9 unified branch merge.
VESSEL_00354,Philip R. Clarke,COMP_GREAT_LAKES_FLEET,Great Lakes Fleet,5277062,IMO populated — checksum valid,High,2026-09-07,https://www.vesselfinder.com/vessels/details/5277062,SRC_0167,2023 regulator-recorded; current status to verify,Generated during v1.9 unified branch merge.
VESSEL_00355,Presque Isle,COMP_GREAT_LAKES_FLEET,Great Lakes Fleet,7303877,IMO populated — checksum valid,High,2026-09-07,https://www.vesselfinder.com/vessels/details/7303877,SRC_0167,2023 regulator-recorded; current status to verify,Generated during v1.9 unified branch merge.
VESSEL_00356,Roger Blough,COMP_GREAT_LAKES_FLEET,Great Lakes Fleet,7222138,IMO populated — checksum valid,High,2026-09-07,https://www.vesselfinder.com/vessels/details/7222138,SRC_0167,2023 regulator-recorded; current status to verify,Generated during v1.9 unified branch merge.
VESSEL_00357,Badger,COMP_LAKE_MICHIGAN_CARFERRY,Lake Michigan Carferry,5033583,IMO populated — checksum valid,High,2026-09-07,https://www.vesselfinder.com/vessels/details/5033583,SRC_0167,2023 regulator-recorded; current status to verify,Generated during v1.9 unified branch merge.
VESSEL_00358,Florence Spirit,COMP_MCKEIL,McKeil Marine,9314600,IMO populated — checksum valid,High,2026-09-07,https://www.vesselfinder.com/vessels/details/9314600,SRC_0177,Operating,Generated during v1.9 unified branch merge.
