Vessel ID,Vessel Name,IMO,Owner Company ID,Operator Company ID,Vessel Type,Subtype / Class,Flag,Year Built,DWT,Capacity,Ramp Capacity,Free Height,Home Port,Primary Service,Fuel / Propulsion,Status,Source ID,Completeness Note,Gross Tonnage (GT),Net Tonnage (NT),LOA (m),Beam (m),MMSI,Call Sign,Registered Owner (Legal),Technical / ISM Manager
VESSEL_00001,UGR Al Samha,9973444,COMP_UGR,COMP_UGR,Ro-Ro / PCTC,,,2025,,,225 MT ramp,5.40 m,,,,Operating,SRC_0060,Public company fleet page,,,,,,,,
VESSEL_00002,UGR Zakher,9980411,COMP_UGR,COMP_UGR,Ro-Ro / PCTC,,,2025,,,225 MT ramp,5.40 m,,,,Operating,SRC_0060,Public company fleet page,,,,,,,,
VESSEL_00003,UGR Al Reef,9448138,COMP_UGR,COMP_UGR,Ro-Ro,,,2010,,,120 MT ramp,5.3 m,,,,Operating,SRC_0060,Public company fleet page,,,,,,,,
VESSEL_00004,Al Jubail,9547219,COMP_UGR,COMP_UGR,Ro-Ro,,,2014,,,350 MT ramp,7.0 m,,,,Operating,SRC_0060,Public company fleet page,,,,,,,,
VESSEL_00005,Ramhan,9668960,COMP_UGR,COMP_UGR,Ro-Ro,,,2015,,,350 MT ramp,7.0 m,,,,Operating,SRC_0060,Public company fleet page,,,,,,,,
VESSEL_00006,UGR Arabian Gulf,9431836,COMP_UGR,COMP_UGR,Ro-Ro,,,2010,,,120 MT ramp,5.3 m,,,,Operating,SRC_0060,Public company fleet page,,,,,,,,
VESSEL_00007,Erk İzmir,9179983,COMP_UGR,COMP_UGR,Ro-Ro,,,1998,,,5 MT ramp,2.30 m,,,,Operating,SRC_0060,Public company fleet page,,,,,,,,
VESSEL_00008,Abu Samrah,9925655,COMP_UGR,COMP_UGR,Ro-Ro,,,2023,,,75 MT ramp,7 m,,,,Operating,SRC_0060,Public company fleet page,,,,,,,,
VESSEL_00009,UGR İstanbul,9179995,COMP_UGR,COMP_UGR,Ro-Ro,,,1999,,,5 MT ramp,2.30 m,,,,Operating,SRC_0060,Public company fleet page,,,,,,,,
VESSEL_00010,Saffet Bey,8417118,COMP_UGR,COMP_UGR,Ro-Ro,,,1987,,,50 MT ramp,6.50 m,,,,Operating,SRC_0060,Public company fleet page,,,,,,,,
VESSEL_00011,Super Fast Baleares,9398527,COMP_UGR,COMP_UGR,Ro-Ro,,,2010,,,125 MT ramp,6.9 m,,,,Operating,SRC_0060,Public company fleet page,,,,,,,,
VESSEL_00012,Chang Sheng Hong,9177040,COMP_UGR,COMP_UGR,Ro-Ro,,,2000,,,100 MT ramp,5.1 m,,,,Operating,SRC_0060,Public company fleet page,,,,,,,,
VESSEL_00013,JINANAH,9395343,COMP_UGR,COMP_UGR,Ro-Ro,,,2009,,,225 MT ramp,5.5 m,,,,Operating,SRC_0060,Public company fleet page,,,,,,,,
VESSEL_00014,SDERIA,9395355,COMP_UGR,COMP_UGR,Ro-Ro,,,2010,,,225 MT ramp,5.5 m,,,,Operating,SRC_0060,Public company fleet page,,,,,,,,
VESSEL_00015,CMA CGM MONTE CRISTO,1021051,COMP_CMA_CGM,COMP_CMA_CGM,Container ship,Methanol-capable new series,,2026,,,,,,,Methanol,Operating,SRC_0045,CMA CGM identified this as its 400th owned vessel and first of a new methanol-powered series.,,,,,,,,
VESSEL_00016,Al Sadaf,9972957,COMP_ADNOC_LS,COMP_ADNOC_LS,LNG carrier,Hull 2703 / Jiangnan,,,,"175,000 m3",,,,,LNG carrier / new-generation gas shipping,Operating,SRC_0066,ADNOC L&S official fleet sheet; IMO and build year to be enriched.,,,,,,,,
VESSEL_00017,Arada,9972969,COMP_ADNOC_LS,COMP_ADNOC_LS,LNG carrier,Hull 2704 / Jiangnan,,,,"175,000 m3",,,,,LNG carrier / new-generation gas shipping,Operating,SRC_0066,ADNOC L&S official fleet sheet; IMO and build year to be enriched.,,,,,,,,
VESSEL_00018,Al Taweelah,9972971,COMP_ADNOC_LS,COMP_ADNOC_LS,LNG carrier,Hull 2705 / Jiangnan,,,,"175,000 m3",,,,,LNG carrier / new-generation gas shipping,Operating,SRC_0066,ADNOC L&S official fleet sheet; IMO and build year to be enriched.,,,,,,,,
VESSEL_00019,Al Hamra,9074640,COMP_ADNOC_LS,COMP_ADNOC_LS,LNG carrier,,,,,"137,000 m3",,,,,LNG carrier / new-generation gas shipping,Operating,SRC_0066,ADNOC L&S official fleet sheet; IMO and build year to be enriched.,,,,,,,,
VESSEL_00020,Al Rahba,9965435,COMP_ADNOC_LS,COMP_ADNOC_LS,LNG carrier,,,,,"175,000 m3",,,,,LNG carrier / new-generation gas shipping,Operating,SRC_0066,ADNOC L&S official fleet sheet; IMO and build year to be enriched.,,,,,,,,
VESSEL_00021,Al Reef,9972945,COMP_ADNOC_LS,COMP_ADNOC_LS,LNG carrier,,,,,"175,000 m3",,,,,LNG carrier / new-generation gas shipping,Operating,SRC_0066,ADNOC L&S official fleet sheet; IMO and build year to be enriched.,,,,,,,,
VESSEL_00022,Al Shelila,9965423,COMP_ADNOC_LS,COMP_ADNOC_LS,LNG carrier,,,,,"175,000 m3",,,,,LNG carrier / new-generation gas shipping,Operating,SRC_0066,ADNOC L&S official fleet sheet; IMO and build year to be enriched.,,,,,,,,
VESSEL_00023,Ish (FSU),9035864,COMP_ADNOC_LS,COMP_ADNOC_LS,LNG carrier,Floating storage use noted on fleet sheet,,,,"135,000 m3",,,,,LNG carrier / new-generation gas shipping,Operating / FSU,SRC_0066,ADNOC L&S official fleet sheet; IMO and build year to be enriched.,,,,,,,,
VESSEL_00024,Mraweh,9074638,COMP_ADNOC_LS,COMP_ADNOC_LS,LNG carrier,,,,,"137,000 m3",,,,,LNG carrier / new-generation gas shipping,Operating,SRC_0066,ADNOC L&S official fleet sheet; IMO and build year to be enriched.,,,,,,,,
VESSEL_00025,Mubaraz,9074626,COMP_ADNOC_LS,COMP_ADNOC_LS,LNG carrier,,,,,"137,000 m3",,,,,LNG carrier / new-generation gas shipping,Operating,SRC_0066,ADNOC L&S official fleet sheet; IMO and build year to be enriched.,,,,,,,,
VESSEL_00026,Shahamah,9035852,COMP_ADNOC_LS,COMP_ADNOC_LS,LNG carrier,,,,,"135,000 m3",,,,,LNG carrier / new-generation gas shipping,Operating,SRC_0066,ADNOC L&S official fleet sheet; IMO and build year to be enriched.,,,,,,,,
VESSEL_00027,Umm Al Ashtan,9074652,COMP_ADNOC_LS,COMP_ADNOC_LS,LNG carrier,,,,,"137,000 m3",,,,,LNG carrier / new-generation gas shipping,Operating,SRC_0066,ADNOC L&S official fleet sheet; IMO and build year to be enriched.,,,,,,,,
VESSEL_00028,Ruwais LNG H2711,,COMP_ADNOC_LS,COMP_ADNOC_LS,LNG carrier,Samsung Heavy Industries hull H2711,,,,"174,000 m3",,,,,LNG carrier / new-generation gas shipping,On order / newbuild,SRC_0066,ADNOC L&S official fleet sheet; IMO and build year to be enriched.,,,,,,,,
VESSEL_00029,Ruwais LNG H2712,,COMP_ADNOC_LS,COMP_ADNOC_LS,LNG carrier,Samsung Heavy Industries hull H2712,,,,"174,000 m3",,,,,LNG carrier / new-generation gas shipping,On order / newbuild,SRC_0066,ADNOC L&S official fleet sheet; IMO and build year to be enriched.,,,,,,,,
VESSEL_00030,Ruwais LNG H2713,,COMP_ADNOC_LS,COMP_ADNOC_LS,LNG carrier,Samsung Heavy Industries hull H2713,,,,"174,000 m3",,,,,LNG carrier / new-generation gas shipping,On order / newbuild,SRC_0066,ADNOC L&S official fleet sheet; IMO and build year to be enriched.,,,,,,,,
VESSEL_00031,Ruwais LNG H2714,,COMP_ADNOC_LS,COMP_ADNOC_LS,LNG carrier,Samsung Heavy Industries hull H2714,,,,"174,000 m3",,,,,LNG carrier / new-generation gas shipping,On order / newbuild,SRC_0066,ADNOC L&S official fleet sheet; IMO and build year to be enriched.,,,,,,,,
VESSEL_00032,Ruwais LNG H2598,,COMP_ADNOC_LS,COMP_ADNOC_LS,LNG carrier,Hanwha Ocean hull H2598,,,,"174,000 m3",,,,,LNG carrier / new-generation gas shipping,On order / newbuild,SRC_0066,ADNOC L&S official fleet sheet; IMO and build year to be enriched.,,,,,,,,
VESSEL_00033,Ruwais LNG H2599,,COMP_ADNOC_LS,COMP_ADNOC_LS,LNG carrier,Hanwha Ocean hull H2599,,,,"174,000 m3",,,,,LNG carrier / new-generation gas shipping,On order / newbuild,SRC_0066,ADNOC L&S official fleet sheet; IMO and build year to be enriched.,,,,,,,,
VESSEL_00034,Ruwais LNG H2600,,COMP_ADNOC_LS,COMP_ADNOC_LS,LNG carrier,Hanwha Ocean hull H2600,,,,"174,000 m3",,,,,LNG carrier / new-generation gas shipping,On order / newbuild,SRC_0066,ADNOC L&S official fleet sheet; IMO and build year to be enriched.,,,,,,,,
VESSEL_00035,Ruwais LNG H2601,,COMP_ADNOC_LS,COMP_ADNOC_LS,LNG carrier,Hanwha Ocean hull H2601,,,,"174,000 m3",,,,,LNG carrier / new-generation gas shipping,On order / newbuild,SRC_0066,ADNOC L&S official fleet sheet; IMO and build year to be enriched.,,,,,,,,
VESSEL_00036,Al Maryah,9393682,COMP_ADNOC_LS,COMP_ADNOC_LS,VLGC,,,,,"83,700 m3",,,,,,Operating,SRC_0066,Fleet-sheet capacity; ownership/operation assigned to AW Shipping where explicitly supported.,,,,,,,,
VESSEL_00037,AWS-Delma,9719408,COMP_AW_SHIPPING,COMP_AW_SHIPPING,VLGC,,,,,"84,000 m3",,,,,,Operating,SRC_0066,Fleet-sheet capacity; ownership/operation assigned to AW Shipping where explicitly supported.,,,,,,,,
VESSEL_00038,AWS-Al Ain,9916812,COMP_AW_SHIPPING,COMP_AW_SHIPPING,VLGC,,,,,"86,000 m3",,,,,LPG dual fuel,Operating,SRC_0066,Fleet-sheet capacity; ownership/operation assigned to AW Shipping where explicitly supported.,,,,,,,,
VESSEL_00039,AWS-Zakher,9916824,COMP_AW_SHIPPING,COMP_AW_SHIPPING,VLGC,,,,,"86,000 m3",,,,,LPG dual fuel,Operating,SRC_0066,Fleet-sheet capacity; ownership/operation assigned to AW Shipping where explicitly supported.,,,,,,,,
VESSEL_00040,AWS-Rabdan,9916836,COMP_AW_SHIPPING,COMP_AW_SHIPPING,VLGC,,,,,"86,000 m3",,,,,LPG dual fuel,Operating,SRC_0066,Fleet-sheet capacity; ownership/operation assigned to AW Shipping where explicitly supported.,,,,,,,,
VESSEL_00041,AWS-Al Salam,9923085,COMP_AW_SHIPPING,COMP_AW_SHIPPING,VLGC,,,,,"86,000 m3",,,,,LPG dual fuel,Operating,SRC_0066,Fleet-sheet capacity; ownership/operation assigned to AW Shipping where explicitly supported.,,,,,,,,
VESSEL_00042,AWS-Baynounah,9923097,COMP_AW_SHIPPING,COMP_AW_SHIPPING,VLGC,,,,,"86,000 m3",,,,,LPG dual fuel,Operating,SRC_0066,Fleet-sheet capacity; ownership/operation assigned to AW Shipping where explicitly supported.,,,,,,,,
VESSEL_00043,Meera,1066908,COMP_AW_SHIPPING,COMP_AW_SHIPPING,VLAC,Hull H2749,,,,"93,000 m3",,,,,,Newbuild / delivery program,SRC_0066,AW Shipping VLAC program; delivery/status requires periodic refresh.,,,,,,,,
VESSEL_00044,Dana,,COMP_AW_SHIPPING,COMP_AW_SHIPPING,VLAC,Hull H2750,,,,"93,000 m3",,,,,,Newbuild / delivery program,SRC_0066,AW Shipping VLAC program; delivery/status requires periodic refresh.,,,,,,,,
VESSEL_00045,Al Ghadeer,,COMP_AW_SHIPPING,COMP_AW_SHIPPING,VLAC,Hull H2769,,,,"93,000 m3",,,,,,Newbuild / delivery program,SRC_0066,AW Shipping VLAC program; delivery/status requires periodic refresh.,,,,,,,,
VESSEL_00046,Rimah,,COMP_AW_SHIPPING,COMP_AW_SHIPPING,VLAC,Hull H2770,,,,"93,000 m3",,,,,,Newbuild / delivery program,SRC_0066,AW Shipping VLAC program; delivery/status requires periodic refresh.,,,,,,,,
VESSEL_00047,Umm Al Lulu I,9494204,COMP_ADNOC_LS,COMP_ADNOC_LS,Product / chemical tanker,,,,15200,,,,,,,Operating,SRC_0066,ADNOC L&S fleet sheet.,,,,,,,,
VESSEL_00048,Al Samha,9380324,COMP_ADNOC_LS,COMP_ADNOC_LS,Product / chemical tanker,,,,17500,,,,,,,Operating,SRC_0066,ADNOC L&S fleet sheet.,,,,,,,,
VESSEL_00049,Bani Yas,9487249,COMP_ADNOC_LS,COMP_ADNOC_LS,Product / chemical tanker,,,,74900,,,,,,,Operating,SRC_0066,ADNOC L&S fleet sheet.,,,,,,,,
VESSEL_00050,Diyyinah I,9487251,COMP_ADNOC_LS,COMP_ADNOC_LS,Product / chemical tanker,,,,75000,,,,,,,Operating,SRC_0066,ADNOC L&S fleet sheet.,,,,,,,,
VESSEL_00051,Mezaira'a,9487275,COMP_ADNOC_LS,COMP_ADNOC_LS,Product / chemical tanker,,,,74900,,,,,,,Operating,SRC_0066,ADNOC L&S fleet sheet.,,,,,,,,
VESSEL_00052,Yamilah-III,9487263,COMP_ADNOC_LS,COMP_ADNOC_LS,Product / chemical tanker,,,,74900,,,,,,,Operating,SRC_0066,ADNOC L&S fleet sheet.,,,,,,,,
VESSEL_00053,Navig8 Honor,9556181,COMP_NAVIG8,COMP_NAVIG8,Product / chemical tanker,,,,75000,,,,,,,Operating,SRC_0066,ADNOC L&S fleet sheet.,,,,,,,,
VESSEL_00054,Navig8 Martinez,9482847,COMP_NAVIG8,COMP_NAVIG8,Product / chemical tanker,,,,76500,,,,,,,Operating,SRC_0066,ADNOC L&S fleet sheet.,,,,,,,,
VESSEL_00055,Navig8 Messi,9482859,COMP_NAVIG8,COMP_NAVIG8,Product / chemical tanker,,,,75600,,,,,,,Operating,SRC_0066,ADNOC L&S fleet sheet.,,,,,,,,
VESSEL_00056,Navig8 Montiel,9482861,COMP_NAVIG8,COMP_NAVIG8,Product / chemical tanker,,,,70000,,,,,,,Operating,SRC_0066,ADNOC L&S fleet sheet.,,,,,,,,
VESSEL_00057,Abu Dhabi-III,9489027,COMP_ADNOC_LS,COMP_ADNOC_LS,Crude / product tanker,,,,105100,,,,,,,Operating,SRC_0066,ADNOC L&S fleet sheet.,,,,,,,,
VESSEL_00058,Liwa V,9489039,COMP_ADNOC_LS,COMP_ADNOC_LS,Crude / product tanker,,,,105200,,,,,,,Operating,SRC_0066,ADNOC L&S fleet sheet.,,,,,,,,
VESSEL_00059,Al Bateen,9828376,COMP_ADNOC_LS,COMP_ADNOC_LS,Crude / product tanker,,,,114700,,,,,,,Operating,SRC_0066,ADNOC L&S fleet sheet.,,,,,,,,
VESSEL_00060,Al Falah,9828388,COMP_ADNOC_LS,COMP_ADNOC_LS,Crude / product tanker,,,,114800,,,,,,,Operating,SRC_0066,ADNOC L&S fleet sheet.,,,,,,,,
VESSEL_00061,Al Ruwais,9828405,COMP_ADNOC_LS,COMP_ADNOC_LS,Crude / product tanker,,,,114700,,,,,,,Operating,SRC_0066,ADNOC L&S fleet sheet.,,,,,,,,
VESSEL_00062,Al Khtam,9823534,COMP_ADNOC_LS,COMP_ADNOC_LS,Crude / product tanker,,,,114600,,,,,,,Operating,SRC_0066,ADNOC L&S fleet sheet.,,,,,,,,
VESSEL_00063,Yong Jiang (Gas Yongjiang),1013834,COMP_AW_SHIPPING,COMP_AW_SHIPPING,VLEC,Hull H2724,,,,"99,000 m3",,,,,,Delivered / operating,SRC_0066,AW Shipping ethane-carrier fleet / program.,,,,,,,,
VESSEL_00064,Min Jiang,1013846,COMP_AW_SHIPPING,COMP_AW_SHIPPING,VLEC,Hull H2725,,,,"99,000 m3",,,,,,Newbuild / delivery program,SRC_0066,AW Shipping ethane-carrier fleet / program.,,,,,,,,
VESSEL_00065,Al Bayraq,,COMP_AW_SHIPPING,COMP_AW_SHIPPING,VLEC,Hull H2828,,,,"99,000 m3",,,,,,Newbuild / delivery program,SRC_0066,AW Shipping ethane-carrier fleet / program.,,,,,,,,
VESSEL_00066,Alhosn,,COMP_AW_SHIPPING,COMP_AW_SHIPPING,VLEC,Hull H2829,,,,"99,000 m3",,,,,,Newbuild / delivery program,SRC_0066,AW Shipping ethane-carrier fleet / program.,,,,,,,,
VESSEL_00067,Al Aryam,,COMP_AW_SHIPPING,COMP_AW_SHIPPING,VLEC,Hull H2823,,,,"99,000 m3",,,,,,Newbuild / delivery program,SRC_0066,AW Shipping ethane-carrier fleet / program.,,,,,,,,
VESSEL_00068,Al Saad,,COMP_AW_SHIPPING,COMP_AW_SHIPPING,VLEC,Hull H2830,,,,"99,000 m3",,,,,,Newbuild / delivery program,SRC_0066,AW Shipping ethane-carrier fleet / program.,,,,,,,,
VESSEL_00069,Al Muzn,,COMP_AW_SHIPPING,COMP_AW_SHIPPING,VLEC,Hull H2825,,,,"99,000 m3",,,,,,Newbuild / delivery program,SRC_0066,AW Shipping ethane-carrier fleet / program.,,,,,,,,
VESSEL_00070,Al Taair,,COMP_AW_SHIPPING,COMP_AW_SHIPPING,VLEC,Hull H2831,,,,"99,000 m3",,,,,,Newbuild / delivery program,SRC_0066,AW Shipping ethane-carrier fleet / program.,,,,,,,,
VESSEL_00071,Al Sila,,COMP_AW_SHIPPING,COMP_AW_SHIPPING,VLEC,Hull H2827,,,,"99,000 m3",,,,,,Newbuild / delivery program,SRC_0066,AW Shipping ethane-carrier fleet / program.,,,,,,,,
VESSEL_00072,Janana,9034236,COMP_ADNOC_LS,COMP_ADNOC_LS,Molten sulphur carrier,,,,,"9,400",,,,,,Operating,SRC_0066,Capacity unit as published on fleet sheet; verify unit during enrichment.,,,,,,,,
VESSEL_00073,ADNOC L&S molten sulphur newbuild,,COMP_ADNOC_LS,COMP_ADNOC_LS,Molten sulphur carrier,N/B Jiangsu Zhenjiang Shipyard,,,,"11,000",,,,,,On order / newbuild,SRC_0066,Unnamed newbuild on official fleet sheet.,,,,,,,,
VESSEL_00074,Jarnain,9823546,COMP_ADNOC_LS,COMP_ADNOC_LS,LR2 tanker,,,,114800,,,,,,,Operating,SRC_0066,ADNOC L&S fleet sheet.,,,,,,,,
VESSEL_00075,Tarif,9828390,COMP_ADNOC_LS,COMP_ADNOC_LS,LR2 tanker,,,,114800,,,,,,,Operating,SRC_0066,ADNOC L&S fleet sheet.,,,,,,,,
VESSEL_00076,Navig8 Precision,9831294,COMP_NAVIG8,COMP_NAVIG8,LR2 tanker,,,,110000,,,,,,,Operating,SRC_0066,ADNOC L&S fleet sheet.,,,,,,,,
VESSEL_00077,Navig8 Prestige,9831309,COMP_NAVIG8,COMP_NAVIG8,LR2 tanker,,,,110000,,,,,,,Operating,SRC_0066,ADNOC L&S fleet sheet.,,,,,,,,
VESSEL_00078,Navig8 Perseverance,9853266,COMP_NAVIG8,COMP_NAVIG8,LR2 tanker,,,,110000,,,,,,,Operating,SRC_0066,ADNOC L&S fleet sheet.,,,,,,,,
VESSEL_00079,Navig8 Passion,9853278,COMP_NAVIG8,COMP_NAVIG8,LR2 tanker,,,,110000,,,,,,,Operating,SRC_0066,ADNOC L&S fleet sheet.,,,,,,,,
VESSEL_00080,Navig8 Promise,9791298,COMP_NAVIG8,COMP_NAVIG8,LR2 tanker,,,,110000,,,,,,,Operating,SRC_0066,ADNOC L&S fleet sheet.,,,,,,,,
VESSEL_00081,Navig8 Prosperity,9855496,COMP_NAVIG8,COMP_NAVIG8,LR2 tanker,,,,110000,,,,,,,Operating,SRC_0066,ADNOC L&S fleet sheet.,,,,,,,,
VESSEL_00082,Navig8 Pride LHJ,9947366,COMP_NAVIG8,COMP_NAVIG8,LR2 tanker,,,,110000,,,,,,,Operating,SRC_0066,ADNOC L&S fleet sheet.,,,,,,,,
VESSEL_00083,Navig8 Wolf,9935301,COMP_NAVIG8,COMP_NAVIG8,LR2 tanker,,,,110000,,,,,,,Operating,SRC_0066,ADNOC L&S fleet sheet.,,,,,,,,
VESSEL_00084,Navig8 Providence,9947378,COMP_NAVIG8,COMP_NAVIG8,LR2 tanker,,,,110000,,,,,,,Operating,SRC_0066,ADNOC L&S fleet sheet.,,,,,,,,
VESSEL_00085,Leicester,9792266,COMP_ADNOC_LS,COMP_ADNOC_LS,VLCC,,,,300000,,,,,,,Operating,SRC_0066,ADNOC L&S fleet sheet.,,,,,,,,
VESSEL_00086,Hili,9851830,COMP_ADNOC_LS,COMP_ADNOC_LS,VLCC,,,,300000,,,,,,,Operating,SRC_0066,ADNOC L&S fleet sheet.,,,,,,,,
VESSEL_00087,Zakum,9851842,COMP_ADNOC_LS,COMP_ADNOC_LS,VLCC,,,,300000,,,,,,,Operating,SRC_0066,ADNOC L&S fleet sheet.,,,,,,,,
VESSEL_00088,Barakah,9902615,COMP_ADNOC_LS,COMP_ADNOC_LS,VLCC,,,,307900,,,,,,,Operating,SRC_0066,ADNOC L&S fleet sheet.,,,,,,,,
VESSEL_00089,Hafeet,9928009,COMP_ADNOC_LS,COMP_ADNOC_LS,VLCC,,,,300000,,,,,,,Operating,SRC_0066,ADNOC L&S fleet sheet.,,,,,,,,
VESSEL_00090,Habshan,9928011,COMP_ADNOC_LS,COMP_ADNOC_LS,VLCC,,,,300000,,,,,,,Operating,SRC_0066,ADNOC L&S fleet sheet.,,,,,,,,
VESSEL_00091,Arzanah,9928023,COMP_ADNOC_LS,COMP_ADNOC_LS,VLCC,,,,300000,,,,,,,Operating,SRC_0066,ADNOC L&S fleet sheet.,,,,,,,,
VESSEL_00092,Al Bahyah,9937799,COMP_ADNOC_LS,COMP_ADNOC_LS,VLCC,,,,300000,,,,,,,Operating,SRC_0066,ADNOC L&S fleet sheet.,,,,,,,,
VESSEL_00093,Navig8 Universe,9489106,COMP_NAVIG8,COMP_NAVIG8,MR2 tanker,,,,45300,,,,,,,Operating,SRC_0066,ADNOC L&S fleet sheet / Navig8.,,,,,,,,
VESSEL_00094,Navig8 Constellation,9489118,COMP_NAVIG8,COMP_NAVIG8,MR2 tanker,,,,45300,,,,,,,Operating,SRC_0066,ADNOC L&S fleet sheet / Navig8.,,,,,,,,
VESSEL_00095,Navig8 Grace,9833656,COMP_NAVIG8,COMP_NAVIG8,MR2 tanker,,,,49800,,,,,,,Operating,SRC_0066,ADNOC L&S fleet sheet / Navig8.,,,,,,,,
VESSEL_00096,Navig8 Gallantry,9833668,COMP_NAVIG8,COMP_NAVIG8,MR2 tanker,,,,49800,,,,,,,Operating,SRC_0066,ADNOC L&S fleet sheet / Navig8.,,,,,,,,
VESSEL_00097,Navig8 Guard,9833670,COMP_NAVIG8,COMP_NAVIG8,MR2 tanker,,,,49800,,,,,,,Operating,SRC_0066,ADNOC L&S fleet sheet / Navig8.,,,,,,,,
VESSEL_00098,Navig8 Guide,9833682,COMP_NAVIG8,COMP_NAVIG8,MR2 tanker,,,,49800,,,,,,,Operating,SRC_0066,ADNOC L&S fleet sheet / Navig8.,,,,,,,,
VESSEL_00099,Navig8 Goal,9853216,COMP_NAVIG8,COMP_NAVIG8,MR2 tanker,,,,49800,,,,,,,Operating,SRC_0066,ADNOC L&S fleet sheet / Navig8.,,,,,,,,
VESSEL_00100,Navig8 Gauntlet,9853228,COMP_NAVIG8,COMP_NAVIG8,MR2 tanker,,,,49800,,,,,,,Operating,SRC_0066,ADNOC L&S fleet sheet / Navig8.,,,,,,,,
VESSEL_00101,Navig8 Gladiator,9853230,COMP_NAVIG8,COMP_NAVIG8,MR2 tanker,,,,49800,,,,,,,Operating,SRC_0066,ADNOC L&S fleet sheet / Navig8.,,,,,,,,
VESSEL_00102,Navig8 Gratitude,9853242,COMP_NAVIG8,COMP_NAVIG8,MR2 tanker,,,,49800,,,,,,,Operating,SRC_0066,ADNOC L&S fleet sheet / Navig8.,,,,,,,,
VESSEL_00103,Navig8 Excel,9973901,COMP_NAVIG8,COMP_NAVIG8,MR2 tanker,,,,49100,,,,,,,Operating,SRC_0066,ADNOC L&S fleet sheet / Navig8.,,,,,,,,
VESSEL_00104,Navig8 Exceed,9973913,COMP_NAVIG8,COMP_NAVIG8,MR2 tanker,,,,49200,,,,,,,Operating,SRC_0066,ADNOC L&S fleet sheet / Navig8.,,,,,,,,
VESSEL_00105,Navig8 Express,9976874,COMP_NAVIG8,COMP_NAVIG8,MR2 tanker,,,,49200,,,,,,,Operating,SRC_0066,ADNOC L&S fleet sheet / Navig8.,,,,,,,,
VESSEL_00106,Navig8 Excellence,9976886,COMP_NAVIG8,COMP_NAVIG8,MR2 tanker,,,,49200,,,,,,,Operating,SRC_0066,ADNOC L&S fleet sheet / Navig8.,,,,,,,,
VESSEL_00107,Navig8 Estelle,9973925,COMP_NAVIG8,COMP_NAVIG8,MR2 tanker,,,,49200,,,,,,,Operating,SRC_0066,ADNOC L&S fleet sheet / Navig8.,,,,,,,,
VESSEL_00108,Navig8 Executive,9973937,COMP_NAVIG8,COMP_NAVIG8,MR2 tanker,,,,49100,,,,,,,Operating,SRC_0066,ADNOC L&S fleet sheet / Navig8.,,,,,,,,
VESSEL_00109,BYD Explorer No.1,9955181,COMP_ZODIAC,,PCTC,,,2024,,"7,000 CEU",,,,,LNG dual-fuel,Operating,SRC_0091,Chartered by BYD; built by CIMC Raffles / Yantai Raffles.,,,,,,,,
VESSEL_00110,BYD Changzhou,9955076,COMP_ZODIAC,,PCTC,,,2024,,"7,000 CEU",,,,,LNG dual-fuel,Operating,SRC_0091,Chartered by BYD; built by CIMC Raffles / Yantai Raffles.,,,,,,,,
VESSEL_00111,BYD Hefei,9999565,COMP_BYD,COMP_BYD,PCTC,,,2025,,"7,000 CEU",,,,,LNG dual-fuel,Operating,SRC_0091,First BYD-owned PCTC; built by Guangzhou Shipyard International.,,,,,,,,
VESSEL_00112,BYD Zhengzhou,9999577,COMP_BYD,COMP_BYD,PCTC,,,2025,,"7,000 CEU",,,,,LNG dual-fuel,Operating,SRC_0091,BYD-owned sister to BYD Hefei; built by Guangzhou Shipyard International.,,,,,,,,
VESSEL_00113,BYD Shenzhen,9993963,COMP_BYD,COMP_BYD,PCTC,,,2025,,"9,200 CEU",,,,,LNG dual-fuel + battery,Operating,SRC_0092,"BYD-owned 9,200 CEU class.",,,,,,,,
VESSEL_00114,BYD Xi'an,9993975,COMP_BYD,COMP_BYD,PCTC,,,2025,,"9,200 CEU",,,,,LNG dual-fuel + battery,Operating,SRC_0095,"BYD-owned 9,200 CEU class.",,,,,,,,
VESSEL_00115,BYD Changsha,9993949,COMP_BYD,COMP_BYD,PCTC,,,2025,,"9,200 CEU",,,,,LNG dual-fuel + battery,Operating,SRC_0093,"BYD-owned 9,200 CEU class.",,,,,,,,
VESSEL_00116,BYD Jinan,9993951,COMP_BYD,COMP_BYD,PCTC,,,2025,,"9,200 CEU",,,,,LNG dual-fuel + battery,Operating,SRC_0094,"BYD-owned 9,200 CEU class.",,,,,,,,
VESSEL_00117,SINOKOR NIIGATA,9209908,COMP_SINOKOR,COMP_SINOKOR,Containership,Japan / Murakami Hide,Korea,1999,8515,550 TEU,,,,,,Operating,SRC_0102,SINOKOR official vessel-information page; technical fields are partial where the public page extract was not fully captured.,,,,,,,,
VESSEL_00118,MEREDITH VICTORY,9455959,COMP_SINOKOR,COMP_SINOKOR,Bulker / Cape,Korea / Hyundai HI,Korea,2009,179362,,,,,,,Operating,SRC_0102,SINOKOR official vessel-information page; technical fields are partial where the public page extract was not fully captured.,,,,,,,,
VESSEL_00119,KOOKYANG SINGAPORE,9354234,COMP_SINOKOR,COMP_SINOKOR,Vessel,,,,,,,,,,,Operating,SRC_0102,SINOKOR official vessel-information page; technical fields are partial where the public page extract was not fully captured.,,,,,,,,
VESSEL_00120,GENEVA QUEEN,9638642,COMP_SINOKOR,COMP_SINOKOR,Bulker / Kamsarmax,Korea / Sungdong M.E,,2012,81361,,,,,,,Operating,SRC_0102,SINOKOR official vessel-information page; technical fields are partial where the public page extract was not fully captured.,,,,,,,,
VESSEL_00121,Hakata Voyager,9329588,COMP_SINOKOR,COMP_SINOKOR,Containership,China / Fujian Mawei,,2005,,698 TEU,,,,,,Operating,SRC_0102,SINOKOR official vessel-information page; technical fields are partial where the public page extract was not fully captured.,,,,,,,,
VESSEL_00122,Vostochny Voyager,9329590,COMP_SINOKOR,COMP_SINOKOR,Containership,China / Fujian Mawei,,2005,,698 TEU,,,,,,Operating,SRC_0102,SINOKOR official vessel-information page; technical fields are partial where the public page extract was not fully captured.,,,,,,,,
VESSEL_00123,HongKong Voyager,9402500,COMP_SINOKOR,COMP_SINOKOR,Containership,Japan / Hakata,,2006,,"1,060 TEU",,,,,,Operating,SRC_0102,SINOKOR official vessel-information page; technical fields are partial where the public page extract was not fully captured.,,,,,,,,
VESSEL_00124,Osaka Voyager,9329576,COMP_SINOKOR,COMP_SINOKOR,Containership,China / Fujian Mawei,,2005,,698 TEU,,,,,,Operating,SRC_0102,SINOKOR official vessel-information page; technical fields are partial where the public page extract was not fully captured.,,,,,,,,
VESSEL_00125,NAGOYA TRADER,9517628,COMP_SINOKOR,COMP_SINOKOR,Containership,Japan / Kyokuyo,,2009,,907 TEU,,,,,,Operating,SRC_0102,SINOKOR official vessel-information page; technical fields are partial where the public page extract was not fully captured.,,,,,,,,
VESSEL_00126,SAWASDEE PACIFIC,9879363,COMP_SINOKOR,COMP_SINOKOR,Containership,Korea / Hyundai Mipo,,2020,,"1,809 TEU",,,,,,Operating,SRC_0102,SINOKOR official vessel-information page; technical fields are partial where the public page extract was not fully captured.,,,,,,,,
VESSEL_00127,SAWASDEE ATLANTIC,9879375,COMP_SINOKOR,COMP_SINOKOR,Containership,Korea / Hyundai Mipo,,2020,,"1,809 TEU",,,,,,Operating,SRC_0102,SINOKOR official vessel-information page; technical fields are partial where the public page extract was not fully captured.,,,,,,,,
VESSEL_00128,SAWASDEE BALTIC,9886067,COMP_SINOKOR,COMP_SINOKOR,Containership,Korea / Hyundai Mipo,,2020,,"1,800 TEU",,,,,,Operating,SRC_0102,SINOKOR official vessel-information page; technical fields are partial where the public page extract was not fully captured.,,,,,,,,
VESSEL_00129,SAWASDEE SUNRISE,9886079,COMP_SINOKOR,COMP_SINOKOR,Containership,Korea / Hyundai Mipo,,2020,,"1,800 TEU",,,,,,Operating,SRC_0102,SINOKOR official vessel-information page; technical fields are partial where the public page extract was not fully captured.,,,,,,,,
VESSEL_00130,HOCHIMINH VOYAGER,9532276,COMP_SINOKOR,COMP_SINOKOR,Vessel,,,,,,,,,,,Operating,SRC_0102,SINOKOR official vessel-information page; technical fields are partial where the public page extract was not fully captured.,,,,,,,,
VESSEL_00131,JAKARTA VOYAGER,9532288,COMP_SINOKOR,COMP_SINOKOR,Vessel,,,,,,,,,,,Operating,SRC_0102,SINOKOR official vessel-information page; technical fields are partial where the public page extract was not fully captured.,,,,,,,,
VESSEL_00132,SHANGHAI VOYAGER,9536973,COMP_SINOKOR,COMP_SINOKOR,Vessel,,,,,,,,,,,Operating,SRC_0102,SINOKOR official vessel-information page; technical fields are partial where the public page extract was not fully captured.,,,,,,,,
VESSEL_00133,NINGBO TRADER,9347968,COMP_SINOKOR,COMP_SINOKOR,Vessel,,,,,,,,,,,Operating,SRC_0102,SINOKOR official vessel-information page; technical fields are partial where the public page extract was not fully captured.,,,,,,,,
VESSEL_00134,YOKOHAMA TRADER,9915961,COMP_SINOKOR,COMP_SINOKOR,Vessel,,,,,,,,,,,Operating,SRC_0102,SINOKOR official vessel-information page; technical fields are partial where the public page extract was not fully captured.,,,,,,,,
VESSEL_00135,SURABAYA VOYAGER,9137703,COMP_SINOKOR,COMP_SINOKOR,Vessel,,,,,,,,,,,Operating,SRC_0102,SINOKOR official vessel-information page; technical fields are partial where the public page extract was not fully captured.,,,,,,,,
VESSEL_00136,KOBE TRADER,9915973,COMP_SINOKOR,COMP_SINOKOR,Containership,China / Wenchong,,2021,13254,"1,080 TEU",,,,,,Operating,SRC_0102,SINOKOR official vessel-information page; technical fields are partial where the public page extract was not fully captured.,,,,,,,,
VESSEL_00137,CHENNAI VOYAGER,9153410,COMP_SINOKOR,COMP_SINOKOR,Containership,Germany / Volkswerft,Panama,1999,33819,"2,546 TEU",,,,,,Operating,SRC_0102,SINOKOR official vessel-information page; technical fields are partial where the public page extract was not fully captured.,,,,,,,,
VESSEL_00138,SENDAI TRADER,9397107,COMP_SINOKOR,COMP_SINOKOR,Containership,China / Taizhou Kouan,Korea,2008,13632,"1,118 TEU",,,,,,Operating,SRC_0102,SINOKOR official vessel-information page; technical fields are partial where the public page extract was not fully captured.,,,,,,,,
VESSEL_00139,QINGDAO TRADER,9915985,COMP_SINOKOR,COMP_SINOKOR,Containership,China / Wenchong,,2021,,"1,080 TEU",,,,,,Operating,SRC_0102,SINOKOR official vessel-information page; technical fields are partial where the public page extract was not fully captured.,,,,,,,,
VESSEL_00140,YANGTZE TRADER,9915997,COMP_SINOKOR,COMP_SINOKOR,Containership,China / Wenchong,,2022,,"1,084 TEU",,,,,,Operating,SRC_0102,SINOKOR official vessel-information page; technical fields are partial where the public page extract was not fully captured.,,,,,,,,
VESSEL_00141,NO.2 OCEAN PIONEER,9340439,COMP_SINOKOR,COMP_SINOKOR,Tanker,Japan / Usuki,,2006,19990,,,,,,,Operating,SRC_0102,SINOKOR official vessel-information page; technical fields are partial where the public page extract was not fully captured.,,,,,,,,
VESSEL_00142,OCEAN PIONEER,9347152,COMP_SINOKOR,COMP_SINOKOR,Tanker,Japan / Fukuoka Shipbuilding,,2007,25300,,,,,,,Operating,SRC_0102,SINOKOR official vessel-information page; technical fields are partial where the public page extract was not fully captured.,,,,,,,,
VESSEL_00143,SAWASDEE CHITTAGONG,9940758,COMP_SINOKOR,COMP_SINOKOR,Containership,Korea / Hyundai,,2022,,"1,800 TEU",,,,,,Operating,SRC_0102,SINOKOR official vessel-information page; technical fields are partial where the public page extract was not fully captured.,,,,,,,,
VESSEL_00144,SAWASDEE SHANGHAI,9940760,COMP_SINOKOR,COMP_SINOKOR,Containership,Korea / Hyundai,,2022,,"1,800 TEU",,,,,,Operating,SRC_0102,SINOKOR official vessel-information page; technical fields are partial where the public page extract was not fully captured.,,,,,,,,
VESSEL_00145,SAWASDEE XIAMEN,9940772,COMP_SINOKOR,COMP_SINOKOR,Containership,Korea / Hyundai,,2022,,"1,800 TEU",,,,,,Operating,SRC_0102,SINOKOR official vessel-information page; technical fields are partial where the public page extract was not fully captured.,,,,,,,,
VESSEL_00146,SAWASDEE INCHEON,9940784,COMP_SINOKOR,COMP_SINOKOR,Containership,Korea / Hyundai,,2022,,"1,800 TEU",,,,,,Operating,SRC_0102,SINOKOR official vessel-information page; technical fields are partial where the public page extract was not fully captured.,,,,,,,,
VESSEL_00147,SAWASDEE SIRIUS,9943774,COMP_SINOKOR,COMP_SINOKOR,Vessel,,,,,,,,,,,Operating,SRC_0102,SINOKOR official vessel-information page; technical fields are partial where the public page extract was not fully captured.,,,,,,,,
VESSEL_00148,SAWASDEE VEGA,9943786,COMP_SINOKOR,COMP_SINOKOR,Vessel,,,,,,,,,,,Operating,SRC_0102,SINOKOR official vessel-information page; technical fields are partial where the public page extract was not fully captured.,,,,,,,,
VESSEL_00149,SAWASDEE CAPELLA,9943798,COMP_SINOKOR,COMP_SINOKOR,Vessel,,,,,,,,,,,Operating,SRC_0102,SINOKOR official vessel-information page; technical fields are partial where the public page extract was not fully captured.,,,,,,,,
VESSEL_00150,SAWASDEE RIGEL,9943803,COMP_SINOKOR,COMP_SINOKOR,Vessel,,,,,,,,,,,Operating,SRC_0102,SINOKOR official vessel-information page; technical fields are partial where the public page extract was not fully captured.,,,,,,,,
VESSEL_00151,SAWASDEE ALTAIR,9946635,COMP_SINOKOR,COMP_SINOKOR,Vessel,,,,,,,,,,,Operating,SRC_0102,SINOKOR official vessel-information page; technical fields are partial where the public page extract was not fully captured.,,,,,,,,
VESSEL_00152,SAWASDEE SPICA,9946647,COMP_SINOKOR,COMP_SINOKOR,Containership,Korea / Hyundai,,2023,,"1,800 TEU",,,,,,Operating,SRC_0102,SINOKOR official vessel-information page; technical fields are partial where the public page extract was not fully captured.,,,,,,,,
VESSEL_00153,SAWASDEE DENEB,9946659,COMP_SINOKOR,COMP_SINOKOR,Containership,Korea / Hyundai,,2023,,"1,800 TEU",,,,,,Operating,SRC_0102,SINOKOR official vessel-information page; technical fields are partial where the public page extract was not fully captured.,,,,,,,,
VESSEL_00154,YEOSU VOYAGER,9963138,COMP_SINOKOR,COMP_SINOKOR,Containership,Korea / Hyundai,Panama,2023,36882,"2,500 TEU",,,,,,Operating,SRC_0102,SINOKOR official vessel-information page; technical fields are partial where the public page extract was not fully captured.,,,,,,,,
VESSEL_00155,INCHEON VOYAGER,9963140,COMP_SINOKOR,COMP_SINOKOR,Containership,Korea / Hyundai,Panama,2023,36882,"2,500 TEU",,,,,,Operating,SRC_0102,SINOKOR official vessel-information page; technical fields are partial where the public page extract was not fully captured.,,,,,,,,
VESSEL_00156,ULSAN VOYAGER,9963152,COMP_SINOKOR,COMP_SINOKOR,Containership,Korea / Hyundai,Panama,2023,36882,"2,500 TEU",,,,,,Operating,SRC_0102,SINOKOR official vessel-information page; technical fields are partial where the public page extract was not fully captured.,,,,,,,,
VESSEL_00157,SAWASDEE MIMOSA,9946661,COMP_SINOKOR,COMP_SINOKOR,Containership,Korea / Hyundai,,2023,,"1,800 TEU",,,,,,Operating,SRC_0102,SINOKOR official vessel-information page; technical fields are partial where the public page extract was not fully captured.,,,,,,,,
VESSEL_00158,TOYAMA TRADER,9968114,COMP_SINOKOR,COMP_SINOKOR,Containership,Korea / Hyundai,,2023,,"1,000 TEU",,,,,,Operating,SRC_0102,SINOKOR official vessel-information page; technical fields are partial where the public page extract was not fully captured.,,,,,,,,
VESSEL_00159,KWANGYANG VOYAGER,9963164,COMP_SINOKOR,COMP_SINOKOR,Containership,Korea / Hyundai,Panama,2024,36882,"2,500 TEU",,,,,,Operating,SRC_0102,SINOKOR official vessel-information page; technical fields are partial where the public page extract was not fully captured.,,,,,,,,
VESSEL_00160,AKITA TRADER,9968126,COMP_SINOKOR,COMP_SINOKOR,Containership,Korea / Hyundai,Liberia,2024,12681,"1,000 TEU",,,,,,Operating,SRC_0102,SINOKOR official vessel-information page; technical fields are partial where the public page extract was not fully captured.,,,,,,,,
VESSEL_00161,MELBOURNE BRIDGE,9967287,COMP_SINOKOR,COMP_SINOKOR,Containership,Korea / Hyundai,Liberia,2024,88158,"8,000 TEU",,,,,,Operating,SRC_0102,SINOKOR official vessel-information page; technical fields are partial where the public page extract was not fully captured.,,,,,,,,
VESSEL_00162,SYDNEY BRIDGE,9967304,COMP_SINOKOR,COMP_SINOKOR,Containership,Korea / Hyundai,,2024,,"8,000 TEU",,,,,,Operating,SRC_0102,SINOKOR official vessel-information page; technical fields are partial where the public page extract was not fully captured.,,,,,,,,
VESSEL_00163,MOJI EXPRESS,1056032,COMP_SINOKOR,COMP_SINOKOR,Containership,China / Jiangsu Zhenjiang Shipyard,,2025,,430 TEU,,,,,,Operating,SRC_0102,SINOKOR official vessel-information page; technical fields are partial where the public page extract was not fully captured.,,,,,,,,
VESSEL_00164,Asia Excellence,9610767,COMP_CHEVRON,COMP_CHEVRON_SHIPPING,LNG carrier,,,,,"~160,000 m3",,,,,LNG carrier,Operating,SRC_0105,Chevron identifies Asia Excellence as one of its advanced LNG ships; IMO/build details to enrich.,,,,,,,,
VESSEL_00165,P. Long Beach,9656890,COMP_PERFORMANCE_SHIPPING,COMP_PERFORMANCE_SHIPPING,LR2 Aframax tanker,,,2013,105408,,,,,,,Operating / chartered,SRC_0109,Time-chartered to SeaRiver Maritime from around mid-December 2025 for 24 months.,,,,,,,,
VESSEL_00166,Largo Eagle,9935911,,,MR product tanker,,,,,,,,,,,Operating / cargo booking,SRC_0110,Booked for ExxonMobil U.S. Gulf-to-Australia fuel movement via Vitol in March 2026; ownership to resolve.,,,,,,,,
VESSEL_00167,Nord Ventura,9910337,,,MR product tanker,,,,,,,,,,,Operating / cargo booking,SRC_0110,Booked for ExxonMobil U.S. Gulf-to-Australia fuel movement via Vitol in March 2026; ownership to resolve.,,,,,,,,
VESSEL_00168,Rex Tillerson,9953248,,,LNG carrier,,,,,"174,000 m3 class",,,,,,Operating / delivered 2024,SRC_0086,First vessel delivered under QatarEnergy's historic LNG fleet expansion program; ownership/operator relationship to resolve.,,,,,,,,
VESSEL_00169,CAPT. KATTELMANN,9330915,,,Containership,GFS Ship Management published fleet,Malta,2006,20250,"1,440 TEU",,,,,,Operating,SRC_0179,Published on GFS Ship Management fleet page; commercial operator and legal owner require current vessel-level reconciliation.,15995,6251,170.15,,249831000,9HA6400,,GFS Ship Management FZE
VESSEL_00170,ATHENA,9187344,,,Containership,GFS Ship Management published fleet,St Vincent & Grenadines,1999,30322,"2,011 TEU",,,,,,Operating,SRC_0179,"Official GFS fleet page gives 30,322 DWT; vessel registries show 29,266 DWT. Registered owner / manager separately captured.",24724,10814,200,30,377074000,J8B5445,ONYX NAVIGATION LTD,GFS Ship Management FZE
VESSEL_00171,GFS GALAXY,9401271,,COMP_GFS,Containership,GFS Ship Management published fleet,Cyprus,2009,85622,"7,070 TEU",,,Limassol,,,Damaged / post-incident assessment,SRC_0179,Beneficially owned by AD Ports Group and operated by Global Feeder Shipping at time of Iranian attack; AD Ports filing states vessel was brought safely to Khor Fakkan. Registry sources report DWT/TEU variants.,75604,47246,304.12,40,210154000,5BWV6,FRENDALE NAVIGATION CO LTD,GFS Ship Management FZE
VESSEL_00172,GFS GENESIS,9704659,,,Containership,GFS Ship Management published fleet,Singapore,2015,54285,"4,350 TEU",,,,,,Operating,SRC_0179,"Official page contains a GT typography error ('4,4887'); normalized here to 44,887 based on context and cross-source fleet particulars.",44887,18100,231.3,,566446000,,,GFS Ship Management FZE
VESSEL_00173,GFS PRECIOUS,9436434,,,Containership,GFS Ship Management published fleet,Singapore,2008,42060,"3,534 TEU",,,,,,Operating,SRC_0179,Published on GFS Ship Management fleet page; commercial operator and legal owner require current vessel-level reconciliation.,35991,,231,,563164800,9V8223,,GFS Ship Management FZE
VESSEL_00174,GFS GISELLE,9704661,,,Containership,GFS Ship Management published fleet,Singapore,2015,54285,"4,400 TEU",,,,,,Operating,SRC_0179,Published on GFS Ship Management fleet page; commercial operator and legal owner require current vessel-level reconciliation.,44887,18100,231.27,,566456000,,,GFS Ship Management FZE
VESSEL_00175,GFS RUBY,9455909,,,Containership,GFS Ship Management published fleet,Singapore,2010,23341.68,"1,740 TEU",,,,,,Operating,SRC_0179,Published on GFS Ship Management fleet page; commercial operator and legal owner require current vessel-level reconciliation.,18321,10202,175.54,,563115300,,,GFS Ship Management FZE
VESSEL_00176,GFS PRESTIGE,9303819,,,Containership,GFS Ship Management published fleet,Singapore,2007,39266,"2,824 TEU",,,,,,Operating,SRC_0179,Published on GFS Ship Management fleet page; commercial operator and legal owner require current vessel-level reconciliation.,28592,14769,222.15,,563115900,9V5726,,GFS Ship Management FZE
VESSEL_00177,GFS PRIDE,9349045,,COMP_GFS,Containership,GFS Ship Management published fleet,Singapore,2008,39446,"2,824 TEU",,,,JJS / feeder service,,Operating,SRC_0179,GFS Ship Management took over the vessel in 2020 and official reporting identified its JJS service as operated by Global Feeder Shipping; current public fleet data continues to associate it with GFS.,28340,14289,222.15,30,563115400,9V6902,,GFS Ship Management FZE
VESSEL_00178,GFS RANNA,9137569,,,Containership,GFS Ship Management published fleet,St Vincent & Grenadines,1997,24382,"1,659 TEU",,,,,,Operating,SRC_0179,Published on GFS Ship Management fleet page; commercial operator and legal owner require current vessel-level reconciliation.,18602,,193,,377751000,J8B5561,,GFS Ship Management FZE
VESSEL_00179,GFS JADE,9187863,,,Containership,GFS Ship Management published fleet,St Vincent & Grenadines,1999,34000,"2,452 TEU",,,,,,Operating,SRC_0179,Published on GFS Ship Management fleet page; commercial operator and legal owner require current vessel-level reconciliation.,25535,,199.85,,377311000,J8B6169,,GFS Ship Management FZE
VESSEL_00180,GFS PERFECT,9308039,,,Containership,GFS Ship Management published fleet,Singapore,2007,42950,"3,451 TEU",,,,,,Operating,SRC_0179,Published on GFS Ship Management fleet page; commercial operator and legal owner require current vessel-level reconciliation.,36483,,238.87,,563127400,9V7054,,GFS Ship Management FZE
VESSEL_00181,GFS PEARL,9320051,,,Containership,GFS Ship Management published fleet,Cyprus,2006,37929,"2,741 TEU",,,,,,Operating,SRC_0179,Published on GFS Ship Management fleet page; commercial operator and legal owner require current vessel-level reconciliation.,27971,,221.62,,210142000,5BRP5,,GFS Ship Management FZE
VESSEL_00182,GFS JUNO,9187875,,,Containership,GFS Ship Management published fleet,St Vincent & Grenadines,2000,34000,"2,452 TEU",,,,,,Operating,SRC_0179,Published on GFS Ship Management fleet page; commercial operator and legal owner require current vessel-level reconciliation.,25535,,199.85,,375751000,J8B6097,,GFS Ship Management FZE
VESSEL_00183,GFS PRIME,9311749,,,Containership,GFS Ship Management published fleet,Cyprus,2006,39228,"2,824 TEU",,,,,,Operating,SRC_0179,"Published on GFS Ship Management fleet page; LOA differs across secondary vessel sources, so official GFS figure retained.",28911,15023,212.2,,209849000,,,GFS Ship Management FZE
VESSEL_00184,GFS SAPPHIRE,9330927,,,Containership,GFS Ship Management published fleet,Malta,2007,20250,"1,440 TEU",,,,,,Operating,SRC_0179,Published on GFS Ship Management fleet page; commercial operator and legal owner require current vessel-level reconciliation.,15995,6251,170.15,,249197000,9HA6159,,GFS Ship Management FZE
VESSEL_00185,SIGYN W,9754446,,,Container / liner vessel,Current carrier schedule seed,,,,,,,,,,Operating / schedule-observed,SRC_0191,"Observed in CMA CGM schedule. This establishes service/deployment evidence only; legal owner, beneficial owner, technical manager and actual vessel operator are not inferred from the schedule.",,,,,,,,
VESSEL_00186,KOI,9461489,,,Container / liner vessel,Current carrier schedule seed,,,,,,,,,,Operating / schedule-observed,SRC_0191,"Observed in CMA CGM schedule. This establishes service/deployment evidence only; legal owner, beneficial owner, technical manager and actual vessel operator are not inferred from the schedule.",,,,,,,,
VESSEL_00187,CMA CGM AMBER,9350381,,,Container / liner vessel,Current carrier schedule seed,,,,,,,,,,Operating / schedule-observed,SRC_0191,"Observed in CMA CGM schedule. This establishes service/deployment evidence only; legal owner, beneficial owner, technical manager and actual vessel operator are not inferred from the schedule.",,,,,,,,
VESSEL_00188,CMA CGM SORBONNE,9839210,,,Container / liner vessel,Current carrier schedule seed,,,,,,,,,,Operating / schedule-observed,SRC_0191,"Observed in CMA CGM schedule. This establishes service/deployment evidence only; legal owner, beneficial owner, technical manager and actual vessel operator are not inferred from the schedule.",,,,,,,,
VESSEL_00189,CMA CGM MEKONG,9718105,,,Container / liner vessel,Current carrier schedule seed,,,,,,,,,,Operating / schedule-observed,SRC_0191,"Observed in CMA CGM schedule. This establishes service/deployment evidence only; legal owner, beneficial owner, technical manager and actual vessel operator are not inferred from the schedule.",,,,,,,,
VESSEL_00190,MSC UTMOST VIII,9302621,,,Container / liner vessel,Current carrier schedule seed,,,,,,,,,,Operating / schedule-observed,SRC_0192,"Observed in MSC schedule. This establishes service/deployment evidence only; legal owner, beneficial owner, technical manager and actual vessel operator are not inferred from the schedule.",,,,,,,,
VESSEL_00191,MSC TARA III,9259381,,,Container / liner vessel,Current carrier schedule seed,,,,,,,,,,Operating / schedule-observed,SRC_0192,"Observed in MSC schedule. This establishes service/deployment evidence only; legal owner, beneficial owner, technical manager and actual vessel operator are not inferred from the schedule.",,,,,,,,
VESSEL_00192,MSC KAYLA,9242637,,,Container / liner vessel,Current carrier schedule seed,,,,,,,,,,Operating / schedule-observed,SRC_0192,"Observed in MSC schedule. This establishes service/deployment evidence only; legal owner, beneficial owner, technical manager and actual vessel operator are not inferred from the schedule.",,,,,,,,
VESSEL_00193,MSC JENNY II,9000742,,,Container / liner vessel,Current carrier schedule seed,,,,,,,,,,Operating / schedule-observed,SRC_0192,"Observed in MSC schedule. This establishes service/deployment evidence only; legal owner, beneficial owner, technical manager and actual vessel operator are not inferred from the schedule.",,,,,,,,
VESSEL_00194,MSC SHANGHAI V,9231822,,,Container / liner vessel,Current carrier schedule seed,,,,,,,,,,Operating / schedule-observed,SRC_0192,"Observed in MSC schedule. This establishes service/deployment evidence only; legal owner, beneficial owner, technical manager and actual vessel operator are not inferred from the schedule.",,,,,,,,
VESSEL_00195,MAERSK SANA,9289922,,,Container / liner vessel,Current carrier schedule seed,,,,,,,,,,Operating / schedule-observed,SRC_0193,"Observed in Maersk schedule. This establishes service/deployment evidence only; legal owner, beneficial owner, technical manager and actual vessel operator are not inferred from the schedule.",,,,,,,,
VESSEL_00196,MAERSK STOCKHOLM,9352042,,,Container / liner vessel,Current carrier schedule seed,,,,,,,,,,Operating / schedule-observed,SRC_0193,"Observed in Maersk schedule. This establishes service/deployment evidence only; legal owner, beneficial owner, technical manager and actual vessel operator are not inferred from the schedule.",,,,,,,,
VESSEL_00197,ADRIAN MAERSK,9948815,,,Container / liner vessel,Current carrier schedule seed,,,,,,,,,,Operating / schedule-observed,SRC_0193,"Observed in Maersk schedule. This establishes service/deployment evidence only; legal owner, beneficial owner, technical manager and actual vessel operator are not inferred from the schedule.",,,,,,,,
VESSEL_00198,BSG BONAIRE,9303766,,,Container / liner vessel,Current carrier schedule seed,,,,,,,,,,Operating / schedule-observed,SRC_0193,"Observed in Maersk schedule. This establishes service/deployment evidence only; legal owner, beneficial owner, technical manager and actual vessel operator are not inferred from the schedule.",,,,,,,,
VESSEL_00199,AS SIMONE,9813814,,,Container / liner vessel,Current carrier schedule seed,,,,,,,,,,Operating / schedule-observed,SRC_0193,"Observed in Maersk schedule. This establishes service/deployment evidence only; legal owner, beneficial owner, technical manager and actual vessel operator are not inferred from the schedule.",,,,,,,,
VESSEL_00200,XIN FEI ZHOU,9337937,,,Container / liner vessel,Current carrier schedule seed,,,,,,,,,,Operating / schedule-observed,SRC_0194,"Observed in COSCO schedule. This establishes service/deployment evidence only; legal owner, beneficial owner, technical manager and actual vessel operator are not inferred from the schedule.",,,,,,,,
VESSEL_00201,XIN TAI CANG,9320465,,,Container / liner vessel,Current carrier schedule seed,,,,,,,,,,Operating / schedule-observed,SRC_0194,"Observed in COSCO schedule. This establishes service/deployment evidence only; legal owner, beneficial owner, technical manager and actual vessel operator are not inferred from the schedule.",,,,,,,,
VESSEL_00202,SEASMILE,9632820,,,Container / liner vessel,Current carrier schedule seed,,,,,,,,,,Operating / schedule-observed,SRC_0194,"Observed in COSCO schedule. This establishes service/deployment evidence only; legal owner, beneficial owner, technical manager and actual vessel operator are not inferred from the schedule.",,,,,,,,
VESSEL_00203,HANSA BREITENBURG,9155391,,,Container / liner vessel,Current carrier schedule seed,,,,,,,,,,Operating / schedule-observed,SRC_0194,"Observed in COSCO schedule. This establishes service/deployment evidence only; legal owner, beneficial owner, technical manager and actual vessel operator are not inferred from the schedule.",,,,,,,,
VESSEL_00204,SMC COLUMBUS,9961556,,,Container / liner vessel,Current carrier schedule seed,,,,,,,,,,Operating / schedule-observed,SRC_0194,"Observed in COSCO schedule. This establishes service/deployment evidence only; legal owner, beneficial owner, technical manager and actual vessel operator are not inferred from the schedule.",,,,,,,,
VESSEL_00205,EVER FAR,9850862,,,Container / liner vessel,Current carrier schedule seed,,,,,,,,,,Operating / schedule-observed,SRC_0195,"Observed in Evergreen schedule. This establishes service/deployment evidence only; legal owner, beneficial owner, technical manager and actual vessel operator are not inferred from the schedule.",,,,,,,,
VESSEL_00206,EVER BEFIT,9784128,,,Container / liner vessel,Current carrier schedule seed,,,,,,,,,,Operating / schedule-observed,SRC_0195,"Observed in Evergreen schedule. This establishes service/deployment evidence only; legal owner, beneficial owner, technical manager and actual vessel operator are not inferred from the schedule.",,,,,,,,
VESSEL_00207,EVER LINKING,9629043,,,Container / liner vessel,Current carrier schedule seed,,,,,,,,,,Operating / schedule-observed,SRC_0195,"Observed in Evergreen schedule. This establishes service/deployment evidence only; legal owner, beneficial owner, technical manager and actual vessel operator are not inferred from the schedule.",,,,,,,,
VESSEL_00208,EVER MEMO,9935272,,,Container / liner vessel,Current carrier schedule seed,,,,,,,,,,Operating / schedule-observed,SRC_0195,"Observed in Evergreen schedule. This establishes service/deployment evidence only; legal owner, beneficial owner, technical manager and actual vessel operator are not inferred from the schedule.",,,,,,,,
VESSEL_00209,NORTHERN PRACTISE,9450301,,,Container / liner vessel,Current carrier schedule seed,,,,,,,,,,Operating / schedule-observed,SRC_0195,"Observed in Evergreen schedule. This establishes service/deployment evidence only; legal owner, beneficial owner, technical manager and actual vessel operator are not inferred from the schedule.",,,,,,,,
VESSEL_00210,VALPARAISO EXPRESS,9777589,,,Container / liner vessel,Current carrier schedule seed,,,,,,,,,,Operating / schedule-observed,SRC_0196,"Observed in Hapag-Lloyd schedule. This establishes service/deployment evidence only; legal owner, beneficial owner, technical manager and actual vessel operator are not inferred from the schedule.",,,,,,,,
VESSEL_00211,SALERNO EXPRESS,9439761,,,Container / liner vessel,Current carrier schedule seed,,,,,,,,,,Operating / schedule-observed,SRC_0196,"Observed in Hapag-Lloyd schedule. This establishes service/deployment evidence only; legal owner, beneficial owner, technical manager and actual vessel operator are not inferred from the schedule.",,,,,,,,
VESSEL_00212,CARTAGENA EXPRESS,9777618,,,Container / liner vessel,Current carrier schedule seed,,,,,,,,,,Operating / schedule-observed,SRC_0196,"Observed in Hapag-Lloyd schedule. This establishes service/deployment evidence only; legal owner, beneficial owner, technical manager and actual vessel operator are not inferred from the schedule.",,,,,,,,
VESSEL_00213,DAMIETTA EXPRESS,9543108,,,Container / liner vessel,Current carrier schedule seed,,,,,,,,,,Operating / schedule-observed,SRC_0196,"Observed in Hapag-Lloyd schedule. This establishes service/deployment evidence only; legal owner, beneficial owner, technical manager and actual vessel operator are not inferred from the schedule.",,,,,,,,
VESSEL_00214,AL NASRIYAH,9708849,,,Container / liner vessel,Current carrier schedule seed,,,,,,,,,,Operating / schedule-observed,SRC_0196,"Observed in Hapag-Lloyd schedule. This establishes service/deployment evidence only; legal owner, beneficial owner, technical manager and actual vessel operator are not inferred from the schedule.",,,,,,,,
VESSEL_00215,NYK FUJI,9482938,,,Container / liner vessel,Current carrier schedule seed,,,,,,,,,,Operating / schedule-observed,SRC_0197,"Observed in ONE schedule. This establishes service/deployment evidence only; legal owner, beneficial owner, technical manager and actual vessel operator are not inferred from the schedule.",,,,,,,,
VESSEL_00216,ONE SPHERE,9975624,,,Container / liner vessel,Current carrier schedule seed,,,,,,,,,,Operating / schedule-observed,SRC_0197,"Observed in ONE schedule. This establishes service/deployment evidence only; legal owner, beneficial owner, technical manager and actual vessel operator are not inferred from the schedule.",,,,,,,,
VESSEL_00217,NYK VENUS,9312793,,,Container / liner vessel,Current carrier schedule seed,,,,,,,,,,Operating / schedule-observed,SRC_0197,"Observed in ONE schedule. This establishes service/deployment evidence only; legal owner, beneficial owner, technical manager and actual vessel operator are not inferred from the schedule.",,,,,,,,
VESSEL_00218,ONE MODERN,9475636,,,Container / liner vessel,Current carrier schedule seed,,,,,,,,,,Operating / schedule-observed,SRC_0197,"Observed in ONE schedule. This establishes service/deployment evidence only; legal owner, beneficial owner, technical manager and actual vessel operator are not inferred from the schedule.",,,,,,,,
VESSEL_00219,ONE MILLAU,9706736,,,Container / liner vessel,Current carrier schedule seed,,,,,,,,,,Operating / schedule-observed,SRC_0197,"Observed in ONE schedule. This establishes service/deployment evidence only; legal owner, beneficial owner, technical manager and actual vessel operator are not inferred from the schedule.",,,,,,,,
VESSEL_00220,IBN AL ABBAR,9194490,,,Container / liner vessel,Current carrier schedule seed,,,,,,,,,,Operating / schedule-observed,SRC_0198,"Observed in Yang Ming schedule. This establishes service/deployment evidence only; legal owner, beneficial owner, technical manager and actual vessel operator are not inferred from the schedule.",,,,,,,,
VESSEL_00221,YM CAPACITY,9864540,,,Container / liner vessel,Current carrier schedule seed,,,,,,,,,,Operating / schedule-observed,SRC_0198,"Observed in Yang Ming schedule. This establishes service/deployment evidence only; legal owner, beneficial owner, technical manager and actual vessel operator are not inferred from the schedule.",,,,,,,,
VESSEL_00222,YM INCEPTION,9319155,,,Container / liner vessel,Current carrier schedule seed,,,,,,,,,,Operating / schedule-observed,SRC_0198,"Observed in Yang Ming schedule. This establishes service/deployment evidence only; legal owner, beneficial owner, technical manager and actual vessel operator are not inferred from the schedule.",,,,,,,,
VESSEL_00223,YM EXCELLENCE,9496616,,,Container / liner vessel,Current carrier schedule seed,,,,,,,,,,Operating / schedule-observed,SRC_0198,"Observed in Yang Ming schedule. This establishes service/deployment evidence only; legal owner, beneficial owner, technical manager and actual vessel operator are not inferred from the schedule.",,,,,,,,
VESSEL_00224,YM IMMENSE,9319131,,,Container / liner vessel,Current carrier schedule seed,,,,,,,,,,Operating / schedule-observed,SRC_0198,"Observed in Yang Ming schedule. This establishes service/deployment evidence only; legal owner, beneficial owner, technical manager and actual vessel operator are not inferred from the schedule.",,,,,,,,
VESSEL_00225,HMM VANCOUVER,9463085,,,Container / liner vessel,Current carrier schedule seed,,,,,,,,,,Operating / schedule-observed,SRC_0199,"Observed in HMM schedule. This establishes service/deployment evidence only; legal owner, beneficial owner, technical manager and actual vessel operator are not inferred from the schedule.",,,,,,,,
VESSEL_00226,HMM EMERALD,9944493,,,Container / liner vessel,Current carrier schedule seed,,,,,,,,,,Operating / schedule-observed,SRC_0199,"Observed in HMM schedule. This establishes service/deployment evidence only; legal owner, beneficial owner, technical manager and actual vessel operator are not inferred from the schedule.",,,,,,,,
VESSEL_00227,HMM HARMONY,9981142,,,Container / liner vessel,Current carrier schedule seed,,,,,,,,,,Operating / schedule-observed,SRC_0199,"Observed in HMM schedule. This establishes service/deployment evidence only; legal owner, beneficial owner, technical manager and actual vessel operator are not inferred from the schedule.",,,,,,,,
VESSEL_00228,SKY RAINBOW,9925722,,,Container / liner vessel,Current carrier schedule seed,,,,,,,,,,Operating / schedule-observed,SRC_0199,"Observed in HMM schedule. This establishes service/deployment evidence only; legal owner, beneficial owner, technical manager and actual vessel operator are not inferred from the schedule.",,,,,,,,
VESSEL_00229,HMM SKY,9976599,,,Container / liner vessel,Current carrier schedule seed,,,,,,,,,,Operating / schedule-observed,SRC_0199,"Observed in HMM schedule. This establishes service/deployment evidence only; legal owner, beneficial owner, technical manager and actual vessel operator are not inferred from the schedule.",,,,,,,,
VESSEL_00230,KOTA SANTOS,9293765,,,Container / liner vessel,Current carrier schedule seed,,,,,,,,,,Operating / schedule-observed,SRC_0200,"Observed in PIL schedule. This establishes service/deployment evidence only; legal owner, beneficial owner, technical manager and actual vessel operator are not inferred from the schedule.",,,,,,,,
VESSEL_00231,KOTA SABAS,9645451,,,Container / liner vessel,Current carrier schedule seed,,,,,,,,,,Operating / schedule-observed,SRC_0200,"Observed in PIL schedule. This establishes service/deployment evidence only; legal owner, beneficial owner, technical manager and actual vessel operator are not inferred from the schedule.",,,,,,,,
VESSEL_00232,KOTA GAYA,9616802,,,Container / liner vessel,Current carrier schedule seed,,,,,,,,,,Operating / schedule-observed,SRC_0200,"Observed in PIL schedule. This establishes service/deployment evidence only; legal owner, beneficial owner, technical manager and actual vessel operator are not inferred from the schedule.",,,,,,,,
VESSEL_00233,SINAR PANGANDARAN,1033779,,,Container / liner vessel,Current carrier schedule seed,,,,,,,,,,Operating / schedule-observed,SRC_0200,"Observed in PIL schedule. This establishes service/deployment evidence only; legal owner, beneficial owner, technical manager and actual vessel operator are not inferred from the schedule.",,,,,,,,
VESSEL_00234,KOTA SEMPENA,9681273,,,Container / liner vessel,Current carrier schedule seed,,,,,,,,,,Operating / schedule-observed,SRC_0200,"Observed in PIL schedule. This establishes service/deployment evidence only; legal owner, beneficial owner, technical manager and actual vessel operator are not inferred from the schedule.",,,,,,,,
VESSEL_00235,WAN HAI 283,9871311,,,Container / liner vessel,Current carrier schedule seed,,,,,,,,,,Operating / schedule-observed,SRC_0201,"Observed in Wan Hai schedule. This establishes service/deployment evidence only; legal owner, beneficial owner, technical manager and actual vessel operator are not inferred from the schedule.",,,,,,,,
VESSEL_00236,WAN HAI 358,9554080,,,Container / liner vessel,Current carrier schedule seed,,,,,,,,,,Operating / schedule-observed,SRC_0201,"Observed in Wan Hai schedule. This establishes service/deployment evidence only; legal owner, beneficial owner, technical manager and actual vessel operator are not inferred from the schedule.",,,,,,,,
VESSEL_00237,WAN HAI 177,9555137,,,Container / liner vessel,Current carrier schedule seed,,,,,,,,,,Operating / schedule-observed,SRC_0201,"Observed in Wan Hai schedule. This establishes service/deployment evidence only; legal owner, beneficial owner, technical manager and actual vessel operator are not inferred from the schedule.",,,,,,,,
VESSEL_00238,WAN HAI 333,9951379,,,Container / liner vessel,Current carrier schedule seed,,,,,,,,,,Operating / schedule-observed,SRC_0201,"Observed in Wan Hai schedule. This establishes service/deployment evidence only; legal owner, beneficial owner, technical manager and actual vessel operator are not inferred from the schedule.",,,,,,,,
VESSEL_00239,WAN HAI 101,9493298,,,Container / liner vessel,Current carrier schedule seed,,,,,,,,,,Operating / schedule-observed,SRC_0201,"Observed in Wan Hai schedule. This establishes service/deployment evidence only; legal owner, beneficial owner, technical manager and actual vessel operator are not inferred from the schedule.",,,,,,,,
VESSEL_00240,ZIM EMERALD,9967976,,,Container / liner vessel,Current carrier schedule seed,,,,,,,,,,Operating / schedule-observed,SRC_0202,"Observed in ZIM schedule. This establishes service/deployment evidence only; legal owner, beneficial owner, technical manager and actual vessel operator are not inferred from the schedule.",,,,,,,,
VESSEL_00241,CARMEL I,9395927,,,Container / liner vessel,Current carrier schedule seed,,,,,,,,,,Operating / schedule-observed,SRC_0202,"Observed in ZIM schedule. This establishes service/deployment evidence only; legal owner, beneficial owner, technical manager and actual vessel operator are not inferred from the schedule.",,,,,,,,
VESSEL_00242,MARLA BULL,9932945,,,Container / liner vessel,Current carrier schedule seed,,,,,,,,,,Operating / schedule-observed,SRC_0202,"Observed in ZIM schedule. This establishes service/deployment evidence only; legal owner, beneficial owner, technical manager and actual vessel operator are not inferred from the schedule.",,,,,,,,
VESSEL_00243,ZIM CHINA,9389382,,,Container / liner vessel,Current carrier schedule seed,,,,,,,,,,Operating / schedule-observed,SRC_0202,"Observed in ZIM schedule. This establishes service/deployment evidence only; legal owner, beneficial owner, technical manager and actual vessel operator are not inferred from the schedule.",,,,,,,,
VESSEL_00244,MTT SANDAKAN,9872248,,,Container / liner vessel,Current carrier schedule seed,,,,,,,,,,Operating / schedule-observed,SRC_0202,"Observed in ZIM schedule. This establishes service/deployment evidence only; legal owner, beneficial owner, technical manager and actual vessel operator are not inferred from the schedule.",,,,,,,,
VESSEL_00245,MARBURG,9387592,,,Container / liner vessel,Current carrier schedule seed,,,,,,,,,,Operating / schedule-observed,SRC_0203,"Observed in Unifeeder schedule. This establishes service/deployment evidence only; legal owner, beneficial owner, technical manager and actual vessel operator are not inferred from the schedule.",,,,,,,,
VESSEL_00246,ELBSKY,9412531,,,Container / liner vessel,Current carrier schedule seed,,,,,,,,,,Operating / schedule-observed,SRC_0203,"Observed in Unifeeder schedule. This establishes service/deployment evidence only; legal owner, beneficial owner, technical manager and actual vessel operator are not inferred from the schedule.",,,,,,,,
VESSEL_00247,JUDITH,9359260,,,Container / liner vessel,Current carrier schedule seed,,,,,,,,,,Operating / schedule-observed,SRC_0203,"Observed in Unifeeder schedule. This establishes service/deployment evidence only; legal owner, beneficial owner, technical manager and actual vessel operator are not inferred from the schedule.",,,,,,,,
VESSEL_00248,ELBSUMMER,9386718,,,Container / liner vessel,Current carrier schedule seed,,,,,,,,,,Operating / schedule-observed,SRC_0203,"Observed in Unifeeder schedule. This establishes service/deployment evidence only; legal owner, beneficial owner, technical manager and actual vessel operator are not inferred from the schedule.",,,,,,,,
VESSEL_00249,SAN PEDRO,9625281,,,Container / liner vessel,Current carrier schedule seed,,,,,,,,,,Operating / schedule-observed,SRC_0204,"Observed in SeaLead schedule. This establishes service/deployment evidence only; legal owner, beneficial owner, technical manager and actual vessel operator are not inferred from the schedule.",,,,,,,,
VESSEL_00250,REN JIAN 8,9326756,,,Container / liner vessel,Current carrier schedule seed,,,,,,,,,,Operating / schedule-observed,SRC_0204,"Observed in SeaLead schedule. This establishes service/deployment evidence only; legal owner, beneficial owner, technical manager and actual vessel operator are not inferred from the schedule.",,,,,,,,
VESSEL_00251,ZHONG GU YIN CHUAN,9938913,,,Container / liner vessel,Current carrier schedule seed,,,,,,,,,,Operating / schedule-observed,SRC_0204,"Observed in SeaLead schedule. This establishes service/deployment evidence only; legal owner, beneficial owner, technical manager and actual vessel operator are not inferred from the schedule.",,,,,,,,
VESSEL_00252,MARINA VOYAGER,9400813,,,Container / liner vessel,Current carrier schedule seed,,,,,,,,,,Operating / schedule-observed,SRC_0204,"Observed in SeaLead schedule. This establishes service/deployment evidence only; legal owner, beneficial owner, technical manager and actual vessel operator are not inferred from the schedule.",,,,,,,,
VESSEL_00253,ESL SHEKOU,9290945,,,Container / liner vessel,Current carrier schedule seed,,,,,,,,,,Operating / schedule-observed,SRC_0205,"Observed in Emirates Shipping Line schedule. This establishes service/deployment evidence only; legal owner, beneficial owner, technical manager and actual vessel operator are not inferred from the schedule.",,,,,,,,
VESSEL_00254,ESL WASL,9400071,,,Container / liner vessel,Current carrier schedule seed,,,,,,,,,,Operating / schedule-observed,SRC_0205,"Observed in Emirates Shipping Line schedule. This establishes service/deployment evidence only; legal owner, beneficial owner, technical manager and actual vessel operator are not inferred from the schedule.",,,,,,,,
VESSEL_00255,ZHONG GU KUN MING,9933858,,,Container / liner vessel,Current carrier schedule seed,,,,,,,,,,Operating / schedule-observed,SRC_0205,"Observed in Emirates Shipping Line schedule. This establishes service/deployment evidence only; legal owner, beneficial owner, technical manager and actual vessel operator are not inferred from the schedule.",,,,,,,,
VESSEL_00256,BRIGHT,9778399,,,Container / liner vessel,Current carrier schedule seed,,,,,,,,,,Operating / schedule-observed,SRC_0205,"Observed in Emirates Shipping Line schedule. This establishes service/deployment evidence only; legal owner, beneficial owner, technical manager and actual vessel operator are not inferred from the schedule.",,,,,,,,
VESSEL_00257,TROUPER,9326952,,,Container / liner vessel,Current carrier schedule seed,,,,,,,,,,Operating / schedule-observed,SRC_0206,"Observed in X-Press Feeders schedule. This establishes service/deployment evidence only; legal owner, beneficial owner, technical manager and actual vessel operator are not inferred from the schedule.",,,,,,,,
VESSEL_00258,X PRESS ANGLESEY,9623843,,,Container / liner vessel,Current carrier schedule seed,,,,,,,,,,Operating / schedule-observed,SRC_0206,"Observed in X-Press Feeders schedule. This establishes service/deployment evidence only; legal owner, beneficial owner, technical manager and actual vessel operator are not inferred from the schedule.",,,,,,,,
VESSEL_00259,SKY LIGHT,9118513,,,Container / liner vessel,Current carrier schedule seed,,,,,,,,,,Operating / schedule-observed,SRC_0206,"Observed in X-Press Feeders schedule. This establishes service/deployment evidence only; legal owner, beneficial owner, technical manager and actual vessel operator are not inferred from the schedule.",,,,,,,,
VESSEL_00260,GOLDEN STAR 1,8952857,,,Container / liner vessel,Current carrier schedule seed,,,,,,,,,,Operating / schedule-observed,SRC_0206,"Observed in X-Press Feeders schedule. This establishes service/deployment evidence only; legal owner, beneficial owner, technical manager and actual vessel operator are not inferred from the schedule.",,,,,,,,
VESSEL_00261,SSF VALENCE,9304693,,,Container / liner vessel,Current carrier schedule seed,,,,,,,,,,Operating / schedule-observed,SRC_0207,"Observed in Global Feeder Shipping schedule. This establishes service/deployment evidence only; legal owner, beneficial owner, technical manager and actual vessel operator are not inferred from the schedule.",,,,,,,,
VESSEL_00262,SM MANALI,9303742,,,Container / liner vessel,Current carrier schedule seed,,,,,,,,,,Operating / schedule-observed,SRC_0207,"Observed in Global Feeder Shipping schedule. This establishes service/deployment evidence only; legal owner, beneficial owner, technical manager and actual vessel operator are not inferred from the schedule.",,,,,,,,
VESSEL_00263,REMAH,9947720,,,Container / liner vessel,Current carrier schedule seed,,,,,,,,,,Operating / schedule-observed,SRC_0207,"Observed in Global Feeder Shipping schedule. This establishes service/deployment evidence only; legal owner, beneficial owner, technical manager and actual vessel operator are not inferred from the schedule.",,,,,,,,
VESSEL_00264,MIRROR,9328041,,,Container / liner vessel,Current carrier schedule seed,,,,,,,,,,Operating / schedule-observed,SRC_0207,"Observed in Global Feeder Shipping schedule. This establishes service/deployment evidence only; legal owner, beneficial owner, technical manager and actual vessel operator are not inferred from the schedule.",,,,,,,,
VESSEL_00265,HUA DA 610,1077385,,,Container / liner vessel,Current carrier schedule seed,,,,,,,,,,Operating / schedule-observed,SRC_0208,"Observed in SAFEEN Feeders schedule. This establishes service/deployment evidence only; legal owner, beneficial owner, technical manager and actual vessel operator are not inferred from the schedule.",,,,,,,,
VESSEL_00266,AL BATEEN,9668984,,,Container / liner vessel,Current carrier schedule seed,,,,,,,,,,Operating / schedule-observed,SRC_0208,"Observed in SAFEEN Feeders schedule. This establishes service/deployment evidence only; legal owner, beneficial owner, technical manager and actual vessel operator are not inferred from the schedule.",,,,,,,,
VESSEL_00267,SAFEEN PRIZE,9603594,,,Container / liner vessel,Current carrier schedule seed,,,,,,,,,,Operating / schedule-observed,SRC_0208,"Observed in SAFEEN Feeders schedule. This establishes service/deployment evidence only; legal owner, beneficial owner, technical manager and actual vessel operator are not inferred from the schedule.",,,,,,,,
VESSEL_00268,SSF DREAM,9346005,,,Container / liner vessel,Current carrier schedule seed,,,,,,,,,,Operating / schedule-observed,SRC_0208,"Observed in SAFEEN Feeders schedule. This establishes service/deployment evidence only; legal owner, beneficial owner, technical manager and actual vessel operator are not inferred from the schedule.",,,,,,,,
VESSEL_00269,GFS LETO,9346562,,,Containership,GFS registry / named-vessel seed,,,,,,,,,,Operating / registry-observed,SRC_0209,"GFS-named vessel registry seed; current legal owner, manager and commercial deployment require reconciliation.",,,,,,5BWF6,,
VESSEL_00270,GFS LYSA,9368730,,,Containership,GFS registry / named-vessel seed,,,,,,,,,,Operating / registry-observed,SRC_0209,"GFS-named vessel registry seed; current legal owner, manager and commercial deployment require reconciliation.",,,,,,5BYT6,,
VESSEL_00271,GFS MARINE 01,9586368,,,Deck cargo / multipurpose,GFS registry / named-vessel seed,,,,,,,,,,Operating / registry-observed,SRC_0209,GFS-named non-container vessel registry seed; role in current GFS group fleet requires reconciliation.,,,,,,P2V5596,,
VESSEL_00272,GFS RHEA,9373486,COMP_GFS,,Containership,GFS registry / named-vessel seed,Cyprus,2007,23664,"1,732 TEU",,,,,,Operating / registry-observed,SRC_0210,ShipVault current particulars; ownership/company-role mapping recorded separately from commercial deployment.,18480,,176.88,27.4,210639000,5BWE6,Global Feeder Shipping (GFS),
VESSEL_00273,GFS RHINE,9435234,,,Containership,GFS registry / named-vessel seed,,,,,,,,,,Operating / registry-observed,SRC_0209,"GFS-named vessel registry seed; current legal owner, manager and commercial deployment require reconciliation.",,,,,,5BLZ2,,
VESSEL_00274,Baie Comeau,9639892,COMP_CSL_CANADA,COMP_CSL_CANADA,Self-unloading bulk carrier,Seawaymax,Canada,2013,34400,,,,,Great Lakes / St. Lawrence dry bulk,,Operating,SRC_0153,Current CSL regional fleet association verified in 2026; IMO from regulator/current public vessel identity evidence.,,,,,,,,
VESSEL_00275,Baie St. Paul,9601027,COMP_CSL_CANADA,COMP_CSL_CANADA,Self-unloading bulk carrier,Seawaymax,Canada,2012,35250,,,,,Great Lakes / St. Lawrence dry bulk,,Operating,SRC_0153,Current CSL regional fleet association verified in 2026; IMO from regulator/current public vessel identity evidence.,,,,,,,,
VESSEL_00276,CSL Assiniboine,7413218,COMP_CSL_CANADA,COMP_CSL_CANADA,Self-unloading bulk carrier,Seawaymax,Canada,1977,36050,,,,,Great Lakes / St. Lawrence dry bulk,,Operating,SRC_0153,Current CSL regional fleet association verified in 2026; IMO from regulator/current public vessel identity evidence.,,,,,,,,
VESSEL_00277,CSL Laurentien,7423108,COMP_CSL_CANADA,COMP_CSL_CANADA,Self-unloading bulk carrier,Seawaymax,Canada,1977,37200,,,,,Great Lakes / St. Lawrence dry bulk,,Operating,SRC_0153,Current CSL regional fleet association verified in 2026; IMO from regulator/current public vessel identity evidence.,,,,,,,,
VESSEL_00278,CSL Niagara,7128423,COMP_CSL_CANADA,COMP_CSL_CANADA,Self-unloading bulk carrier,Seawaymax,Canada,1972,37200,,,,,Great Lakes / St. Lawrence dry bulk,,Operating,SRC_0153,Current CSL regional fleet association verified in 2026; IMO from regulator/current public vessel identity evidence.,,,,,,,,
VESSEL_00279,CSL Tadoussac,6918716,COMP_CSL_CANADA,COMP_CSL_CANADA,Self-unloading bulk carrier,Seawaymax,Canada,1969,29630,,,,,Great Lakes / St. Lawrence dry bulk,,Operating,SRC_0153,Current CSL regional fleet association verified in 2026; IMO from regulator/current public vessel identity evidence.,,,,,,,,
VESSEL_00280,Frontenac,6804848,COMP_CSL_CANADA,COMP_CSL_CANADA,Self-unloading bulk carrier,Seawaymax,Canada,1968,26325,,,,,Great Lakes / St. Lawrence dry bulk,,Operating,SRC_0153,Current CSL regional fleet association verified in 2026; IMO from regulator/current public vessel identity evidence.,,,,,,,,
VESSEL_00281,Nukumi,9914711,COMP_CSL_CANADA,COMP_CSL_CANADA,Self-unloading bulk carrier,Diesel-electric / Seawaymax,Canada,2021,32085.7,,,,,Salt / Great Lakes and Eastern Canada,,Operating,SRC_0169,Current CSL regional fleet association verified in 2026; IMO from regulator/current public vessel identity evidence.,,,,,,,,
VESSEL_00282,Rt. Hon. Paul J. Martin,7324405,COMP_CSL_CANADA,COMP_CSL_CANADA,Self-unloading bulk carrier,Seawaymax,Canada,1973,37200,,,,,Great Lakes / St. Lawrence dry bulk,,Operating,SRC_0153,Current CSL regional fleet association verified in 2026; IMO from regulator/current public vessel identity evidence.,,,,,,,,
VESSEL_00283,Thunder Bay,9601039,COMP_CSL_CANADA,COMP_CSL_CANADA,Self-unloading bulk carrier,Trillium / Seawaymax,Canada,2013,35250,,,,,Great Lakes / St. Lawrence dry bulk,,Operating,SRC_0153,Current CSL regional fleet association verified in 2026; IMO from regulator/current public vessel identity evidence.,,,,,,,,
VESSEL_00284,Whitefish Bay,9639880,COMP_CSL_CANADA,COMP_CSL_CANADA,Self-unloading bulk carrier,Trillium / Seawaymax,Canada,2013,34400,,,,,Great Lakes / St. Lawrence dry bulk,,Operating,SRC_0153,Current CSL regional fleet association verified in 2026; IMO from regulator/current public vessel identity evidence.,,,,,,,,
VESSEL_00285,CSL St-Laurent,9665281,COMP_CSL_CANADA,COMP_CSL_CANADA,Gearless bulk carrier,Trillium / Seawaymax,Canada,2014,34425,,,,,Great Lakes / St. Lawrence grain and dry bulk,,Operating,SRC_0153,Current CSL regional fleet association verified in 2026; IMO from regulator/current public vessel identity evidence.,,,,,,,,
VESSEL_00286,CSL Welland,9665279,COMP_CSL_CANADA,COMP_CSL_CANADA,Gearless bulk carrier,Trillium / Seawaymax,Canada,2014,35425,,,,,Great Lakes / St. Lawrence grain and dry bulk,,Operating,SRC_0153,Current CSL regional fleet association verified in 2026; IMO from regulator/current public vessel identity evidence.,,,,,,,,
VESSEL_00287,Ferbec,9259848,COMP_CSL_CANADA,COMP_CSL_CANADA,Gearless bulk carrier,Handymax,Canada,2002,51209,,,,,Gulf / St. Lawrence steel trades,,Operating,SRC_0153,Current CSL regional fleet association verified in 2026; IMO from regulator/current public vessel identity evidence.,,,,,,,,
VESSEL_00288,Oakglen,7901148,COMP_CSL_CANADA,COMP_CSL_CANADA,Gearless bulk carrier,Seawaymax,Canada,,34540,,,,,Great Lakes / St. Lawrence dry bulk,,Operating,SRC_0153,Current CSL regional fleet association verified in 2026; IMO from regulator/current public vessel identity evidence.,,,,,,,,
VESSEL_00289,Spruceglen,8119261,COMP_CSL_CANADA,COMP_CSL_CANADA,Gearless bulk carrier,Seawaymax,Canada,,34150,,,,,Great Lakes / St. Lawrence dry bulk,,Operating,SRC_0153,Current CSL regional fleet association verified in 2026; IMO from regulator/current public vessel identity evidence.,,,,,,,,
VESSEL_00290,Tamarack,1037153,COMP_EUREKA_SHIPPING,COMP_CSL_CANADA,Cement carrier,Mechanical / pneumatic cement,Canada,2025,12500,,,,,Great Lakes / St. Lawrence cement,,Operating,SRC_0170,Current CSL regional fleet association verified in 2026; IMO from regulator/current public vessel identity evidence.,,,,,,,,
VESSEL_00291,Algoma Guardian,8505850,COMP_ALGOMA,COMP_ALGOMA,Bulk carrier,,Canada,,,,,,,Great Lakes dry bulk,,2023 regulator-recorded; current status to verify,SRC_0167,"Government identity evidence from 2023. Algoma's current segment structure is confirmed, but individual current operating status still requires reconciliation.",,,,,,,,
VESSEL_00292,Algoma Harvester,9613939,COMP_ALGOMA,COMP_ALGOMA,Bulk carrier,,Canada,,,,,,,Great Lakes dry bulk,,2023 regulator-recorded; current status to verify,SRC_0167,"Government identity evidence from 2023. Algoma's current segment structure is confirmed, but individual current operating status still requires reconciliation.",,,,,,,,
VESSEL_00293,Algoma Innovator,9773375,COMP_ALGOMA,COMP_ALGOMA,Bulk carrier,,Canada,,,,,,,Great Lakes dry bulk,,2023 regulator-recorded; current status to verify,SRC_0167,"Government identity evidence from 2023. Algoma's current segment structure is confirmed, but individual current operating status still requires reconciliation.",,,,,,,,
VESSEL_00294,Algoma Intrepid,9773387,COMP_ALGOMA,COMP_ALGOMA,Bulk carrier,,Canada,,,,,,,Great Lakes dry bulk,,2023 regulator-recorded; current status to verify,SRC_0167,"Government identity evidence from 2023. Algoma's current segment structure is confirmed, but individual current operating status still requires reconciliation.",,,,,,,,
VESSEL_00295,Algoma Mariner,9587893,COMP_ALGOMA,COMP_ALGOMA,Bulk carrier,,Canada,,,,,,,Great Lakes dry bulk / oceangoing capable,,2023 regulator-recorded; current status to verify,SRC_0167,"Government identity evidence from 2023. Algoma's current segment structure is confirmed, but individual current operating status still requires reconciliation.",,,,,,,,
VESSEL_00296,Algoma Niagara,9619270,COMP_ALGOMA,COMP_ALGOMA,Bulk carrier,,Canada,,,,,,,Great Lakes dry bulk,,2023 regulator-recorded; current status to verify,SRC_0167,"Government identity evidence from 2023. Algoma's current segment structure is confirmed, but individual current operating status still requires reconciliation.",,,,,,,,
VESSEL_00297,Algoma Sault,9619282,COMP_ALGOMA,COMP_ALGOMA,Bulk carrier,,Canada,,,,,,,Great Lakes dry bulk,,2023 regulator-recorded; current status to verify,SRC_0167,"Government identity evidence from 2023. Algoma's current segment structure is confirmed, but individual current operating status still requires reconciliation.",,,,,,,,
VESSEL_00298,Algoma Strongfield,9613953,COMP_ALGOMA,COMP_ALGOMA,Bulk carrier,,Canada,,,,,,,Great Lakes dry bulk,,2023 regulator-recorded; current status to verify,SRC_0167,"Government identity evidence from 2023. Algoma's current segment structure is confirmed, but individual current operating status still requires reconciliation.",,,,,,,,
VESSEL_00299,Algoma Transport,7711737,COMP_ALGOMA,COMP_ALGOMA,Bulk carrier,,Canada,,,,,,,Great Lakes dry bulk,,2023 regulator-recorded; current status to verify,SRC_0167,"Government identity evidence from 2023. Algoma's current segment structure is confirmed, but individual current operating status still requires reconciliation.",,,,,,,,
VESSEL_00300,Capt. Henry Jackman,9619294,COMP_ALGOMA,COMP_ALGOMA,Bulk carrier,,Canada,,,,,,,Great Lakes dry bulk,,2023 regulator-recorded; current status to verify,SRC_0167,"Government identity evidence from 2023. Algoma's current segment structure is confirmed, but individual current operating status still requires reconciliation.",,,,,,,,
VESSEL_00301,G3 Marquis,9613941,COMP_ALGOMA,COMP_ALGOMA,Bulk carrier,,Canada,,,,,,,Great Lakes dry bulk,,2023 regulator-recorded; current status to verify,SRC_0167,"Government identity evidence from 2023. Algoma's current segment structure is confirmed, but individual current operating status still requires reconciliation.",,,,,,,,
VESSEL_00302,John D Leitch,6714586,COMP_ALGOMA,COMP_ALGOMA,Bulk carrier,,Canada,,,,,,,Great Lakes dry bulk,,2023 regulator-recorded; current status to verify,SRC_0167,"Government identity evidence from 2023. Algoma's current segment structure is confirmed, but individual current operating status still requires reconciliation.",,,,,,,,
VESSEL_00303,Radcliffe R Latimer,7711725,COMP_ALGOMA,COMP_ALGOMA,Bulk carrier,,Canada,,,,,,,Great Lakes dry bulk,,2023 regulator-recorded; current status to verify,SRC_0167,"Government identity evidence from 2023. Algoma's current segment structure is confirmed, but individual current operating status still requires reconciliation.",,,,,,,,
VESSEL_00304,Tim S Dool,6800919,COMP_ALGOMA,COMP_ALGOMA,Bulk carrier,,Canada,,,,,,,Great Lakes dry bulk,,2023 regulator-recorded; current status to verify,SRC_0167,"Government identity evidence from 2023. Algoma's current segment structure is confirmed, but individual current operating status still requires reconciliation.",,,,,,,,
VESSEL_00305,Algonova,9378589,COMP_ALGOMA,COMP_ALGOMA,Product tanker,,Canada,,,,,,,Canada product tanker service,,2023 regulator-recorded; current status to verify,SRC_0167,"Government identity evidence from 2023. Algoma's current segment structure is confirmed, but individual current operating status still requires reconciliation.",,,,,,,,
VESSEL_00306,Algoscotia,9273222,COMP_ALGOMA,COMP_ALGOMA,Product tanker,,Canada,,,,,,,Canada product tanker service,,2023 regulator-recorded; current status to verify,SRC_0167,"Government identity evidence from 2023. Algoma's current segment structure is confirmed, but individual current operating status still requires reconciliation.",,,,,,,,
VESSEL_00307,Algosea,9127198,COMP_ALGOMA,COMP_ALGOMA,Product tanker,,Canada,,,,,,,Canada product tanker service,,2023 regulator-recorded; current status to verify,SRC_0167,"Government identity evidence from 2023. Algoma's current segment structure is confirmed, but individual current operating status still requires reconciliation.",,,,,,,,
VESSEL_00308,Algoterra,9442249,COMP_ALGOMA,COMP_ALGOMA,Product tanker,,Canada,,,,,,,Canada product tanker service,,2023 regulator-recorded; current status to verify,SRC_0167,"Government identity evidence from 2023. Algoma's current segment structure is confirmed, but individual current operating status still requires reconciliation.",,,,,,,,
VESSEL_00309,Algotitan,9333802,COMP_ALGOMA,COMP_ALGOMA,Product tanker,,Canada,,,,,,,Canada product tanker service,,2023 regulator-recorded; current status to verify,SRC_0167,"Government identity evidence from 2023. Algoma's current segment structure is confirmed, but individual current operating status still requires reconciliation.",,,,,,,,
VESSEL_00310,Algoma Bear,9619309,COMP_ALGOMA,COMP_ALGOMA,Self-unloading bulk carrier,Equinox / Seawaymax,Canada,2024,29749,,,,,Great Lakes dry bulk,,Operating,SRC_0174,Current Algoma fleet/program evidence with owner/operator separation retained where available.,,,,,,,,
VESSEL_00311,Algoma Endeavour,9790141,COMP_ALGOMA,COMP_ALGOMA,Self-unloading bulk carrier,Equinox / Seawaymax,Canada,2025,35900,,,,,Great Lakes dry bulk,,Operating,SRC_0175,Current Algoma fleet/program evidence with owner/operator separation retained where available.,,,,,,,,
VESSEL_00312,Algoma East Coast,1022079,COMP_FUNDY_TANKERS,COMP_ALGOMA_TANKERS,Chemical / product tanker,Ice class 1B; methanol-ready,Canada,2025,37242,,,,,Atlantic Canada / U.S. East Coast,,Operating,SRC_0172,Current Algoma fleet/program evidence with owner/operator separation retained where available.,,,,,,,,
VESSEL_00313,Algoma Acadian,1022081,COMP_FUNDY_TANKERS,COMP_ALGOMA_TANKERS,Chemical / product tanker,Ice class / methanol-ready sister vessel,Canada,2025,37242,,,,,Atlantic Canada / U.S. East Coast,,Operating,SRC_0173,Current Algoma fleet/program evidence with owner/operator separation retained where available.,,,,,,,,
VESSEL_00314,Mark W. Barker,9962445,COMP_INTERLAKE,COMP_INTERLAKE,Self-unloading bulk carrier,Great Lakes laker,United States,2022,,"26,000 gross tons",,,,Great Lakes bulk shipping,,Operating,SRC_0156,Current Interlake fleet membership verified; IMO cross-checked against regulator identity records.,,,,,,,,
VESSEL_00315,Paul R. Tregurtha,7729057,COMP_INTERLAKE,COMP_INTERLAKE,Self-unloading bulk carrier,Great Lakes laker,United States,1981,,"68,000 gross tons",,,,Great Lakes bulk shipping,,Operating,SRC_0156,Current Interlake fleet membership verified; IMO cross-checked against regulator identity records.,,,,,,,,
VESSEL_00316,James R. Barker,7390260,COMP_INTERLAKE,COMP_INTERLAKE,Self-unloading bulk carrier,Great Lakes laker,United States,1976,,"63,300 gross tons",,,,Great Lakes bulk shipping,,Operating,SRC_0156,Current Interlake fleet membership verified; IMO cross-checked against regulator identity records.,,,,,,,,
VESSEL_00317,Mesabi Miner,7390272,COMP_INTERLAKE,COMP_INTERLAKE,Self-unloading bulk carrier,Great Lakes laker,United States,1977,,"63,300 gross tons",,,,Great Lakes bulk shipping,,Operating,SRC_0156,Current Interlake fleet membership verified; IMO cross-checked against regulator identity records.,,,,,,,,
VESSEL_00318,Lee A. Tregurtha,5385625,COMP_INTERLAKE,COMP_INTERLAKE,Self-unloading bulk carrier,Great Lakes laker,United States,1942,,"29,360 gross tons",,,,Great Lakes bulk shipping,,Operating,SRC_0156,Current Interlake fleet membership verified; IMO cross-checked against regulator identity records.,,,,,,,,
VESSEL_00319,Honorable James L. Oberstar,5322518,COMP_INTERLAKE,COMP_INTERLAKE,Self-unloading bulk carrier,Great Lakes laker,United States,1959,,"31,000 gross tons",,,,Great Lakes bulk shipping,,Operating,SRC_0156,Current Interlake fleet membership verified; IMO cross-checked against regulator identity records.,,,,,,,,
VESSEL_00320,Kaye E. Barker,5097450,COMP_INTERLAKE,COMP_INTERLAKE,Self-unloading bulk carrier,Great Lakes laker,United States,1952,,"25,900 gross tons",,,,Great Lakes bulk shipping,,Operating,SRC_0156,Current Interlake fleet membership verified; IMO cross-checked against regulator identity records.,,,,,,,,
VESSEL_00321,Herbert C. Jackson,5148417,COMP_INTERLAKE,COMP_INTERLAKE,Self-unloading bulk carrier,Great Lakes laker,United States,1959,,"24,800 gross tons",,,,Great Lakes bulk shipping,,Operating,SRC_0156,Current Interlake fleet membership verified; IMO cross-checked against regulator identity records.,,,,,,,,
VESSEL_00322,Dorothy Ann,8955732,COMP_INTERLAKE,COMP_INTERLAKE,Tug,Tug paired with Pathfinder barge,United States,,,,,,,Great Lakes bulk shipping,,Operating,SRC_0156,Current Interlake fleet membership verified; IMO cross-checked against regulator identity records.,,,,,,,,
VESSEL_00323,Stewart J. Cort,7105495,COMP_INTERLAKE,COMP_INTERLAKE,Self-unloading bulk carrier,Great Lakes laker,United States,1972,,"58,000 gross tons",,,,Great Lakes bulk shipping,,Operating,SRC_0156,Current Interlake fleet membership verified; IMO cross-checked against regulator identity records.,,,,,,,,
VESSEL_00324,American Century,7923196,COMP_ASC,COMP_ASC,Bulk carrier,Great Lakes laker,United States,,,,,,,Great Lakes bulk shipping,,2023 regulator-recorded; current status to verify,SRC_0167,Regulator identity seed; current individual operating status requires Mainstay/ASC refresh.,,,,,,,,
VESSEL_00325,American Courage,7634226,COMP_ASC,COMP_ASC,Bulk carrier,Great Lakes laker,United States,,,,,,,Great Lakes bulk shipping,,2023 regulator-recorded; current status to verify,SRC_0167,Regulator identity seed; current individual operating status requires Mainstay/ASC refresh.,,,,,,,,
VESSEL_00326,American Integrity,7514696,COMP_ASC,COMP_ASC,Bulk carrier,Great Lakes laker,United States,,,,,,,Great Lakes bulk shipping,,2023 regulator-recorded; current status to verify,SRC_0167,Regulator identity seed; current individual operating status requires Mainstay/ASC refresh.,,,,,,,,
VESSEL_00327,American Mariner,7812567,COMP_ASC,COMP_ASC,Bulk carrier,Great Lakes laker,United States,,,,,,,Great Lakes bulk shipping,,2023 regulator-recorded; current status to verify,SRC_0167,Regulator identity seed; current individual operating status requires Mainstay/ASC refresh.,,,,,,,,
VESSEL_00328,American Spirit,7423392,COMP_ASC,COMP_ASC,Bulk carrier,Great Lakes laker,United States,,,,,,,Great Lakes bulk shipping,,2023 regulator-recorded; current status to verify,SRC_0167,Regulator identity seed; current individual operating status requires Mainstay/ASC refresh.,,,,,,,,
VESSEL_00329,Burns Harbor,7514713,COMP_ASC,COMP_ASC,Bulk carrier,Great Lakes laker,United States,,,,,,,Great Lakes bulk shipping,,2023 regulator-recorded; current status to verify,SRC_0167,Regulator identity seed; current individual operating status requires Mainstay/ASC refresh.,,,,,,,,
VESSEL_00330,H. Lee White,7366362,COMP_ASC,COMP_ASC,Bulk carrier,Great Lakes laker,United States,,,,,,,Great Lakes bulk shipping,,2023 regulator-recorded; current status to verify,SRC_0167,Regulator identity seed; current individual operating status requires Mainstay/ASC refresh.,,,,,,,,
VESSEL_00331,Indiana Harbor,7514701,COMP_ASC,COMP_ASC,Bulk carrier,Great Lakes laker,United States,,,,,,,Great Lakes bulk shipping,,2023 regulator-recorded; current status to verify,SRC_0167,Regulator identity seed; current individual operating status requires Mainstay/ASC refresh.,,,,,,,,
VESSEL_00332,John J Boland,7318901,COMP_ASC,COMP_ASC,Bulk carrier,Great Lakes laker,United States,,,,,,,Great Lakes bulk shipping,,2023 regulator-recorded; current status to verify,SRC_0167,Regulator identity seed; current individual operating status requires Mainstay/ASC refresh.,,,,,,,,
VESSEL_00333,Sam Laud,7390210,COMP_ASC,COMP_ASC,Bulk carrier,Great Lakes laker,United States,,,,,,,Great Lakes bulk shipping,,2023 regulator-recorded; current status to verify,SRC_0167,Regulator identity seed; current individual operating status requires Mainstay/ASC refresh.,,,,,,,,
VESSEL_00334,Walter J. McCarthy Jr.,7514684,COMP_ASC,COMP_ASC,Bulk carrier,Great Lakes laker,United States,,,,,,,Great Lakes bulk shipping,,2023 regulator-recorded; current status to verify,SRC_0167,Regulator identity seed; current individual operating status requires Mainstay/ASC refresh.,,,,,,,,
VESSEL_00335,Calumet,7329314,COMP_GRN,COMP_GRN,Bulk carrier,Great Lakes,United States,,,,,,,Great Lakes bulk / tug operations,,2023 regulator-recorded; current status to verify,SRC_0167,Government identity seed; current operating status requires refresh.,,,,,,,,
VESSEL_00336,Defiance,8109761,COMP_GRN,COMP_GRN,Tug,Great Lakes,United States,,,,,,,Great Lakes bulk / tug operations,,2023 regulator-recorded; current status to verify,SRC_0167,Government identity seed; current operating status requires refresh.,,,,,,,,
VESSEL_00337,Manitowoc,7366398,COMP_GRN,COMP_GRN,Bulk carrier,Great Lakes,United States,,,,,,,Great Lakes bulk / tug operations,,2023 regulator-recorded; current status to verify,SRC_0167,Government identity seed; current operating status requires refresh.,,,,,,,,
VESSEL_00338,Menominee,5336351,COMP_GRN,COMP_GRN,Bulk carrier,Great Lakes,United States,,,,,,,Great Lakes bulk / tug operations,,2023 regulator-recorded; current status to verify,SRC_0167,Government identity seed; current operating status requires refresh.,,,,,,,,
VESSEL_00339,Victory,8003292,COMP_GRN,COMP_GRN,Tug,Great Lakes,United States,,,,,,,Great Lakes bulk / tug operations,,2023 regulator-recorded; current status to verify,SRC_0167,Government identity seed; current operating status requires refresh.,,,,,,,,
VESSEL_00340,Olive L Moore,,COMP_GRN,COMP_GRN,Bulk carrier,Great Lakes,United States,,,,,,,Great Lakes bulk / tug operations,,2023 regulator-recorded; IMO unresolved,SRC_0167,"Michigan regulator report shows numeric identifier 2800309, but it fails the IMO checksum. Preserved in the national/official identifier field rather than treated as IMO.",,,,,,,,
VESSEL_00341,Ashtabula,,COMP_GRN,COMP_GRN,Bulk carrier,Great Lakes,United States,,,,,,,Great Lakes bulk / tug operations,,2023 regulator-recorded; IMO unresolved,SRC_0167,"Michigan regulator report shows numeric identifier 646730, which is not a valid seven-digit IMO. Preserved as a national/official identifier pending reconciliation.",,,,,,,,
VESSEL_00342,Cuyahoga,5166392,COMP_LOWER_LAKES,COMP_LOWER_LAKES,Bulk carrier,Great Lakes laker,Canada,,,,,,,Great Lakes bulk shipping,,2023 regulator-recorded; current status to verify,SRC_0167,Government identity seed; current operating status requires Lower Lakes refresh.,,,,,,,,
VESSEL_00343,Kaministiqua,8119285,COMP_LOWER_LAKES,COMP_LOWER_LAKES,Bulk carrier,Great Lakes laker,Canada,,,,,,,Great Lakes bulk shipping,,2023 regulator-recorded; current status to verify,SRC_0167,Government identity seed; current operating status requires Lower Lakes refresh.,,,,,,,,
VESSEL_00344,Manitoulin,8810918,COMP_LOWER_LAKES,COMP_LOWER_LAKES,Bulk carrier,Great Lakes laker,Canada,,,,,,,Great Lakes bulk shipping,,2023 regulator-recorded; current status to verify,SRC_0167,Government identity seed; current operating status requires Lower Lakes refresh.,,,,,,,,
VESSEL_00345,Michipicoten,5102865,COMP_LOWER_LAKES,COMP_LOWER_LAKES,Bulk carrier,Great Lakes laker,Canada,,,,,,,Great Lakes bulk shipping,,2023 regulator-recorded; current status to verify,SRC_0167,Government identity seed; current operating status requires Lower Lakes refresh.,,,,,,,,
VESSEL_00346,Robert S. Pierson,7366403,COMP_LOWER_LAKES,COMP_LOWER_LAKES,Bulk carrier,Great Lakes laker,Canada,,,,,,,Great Lakes bulk shipping,,2023 regulator-recorded; current status to verify,SRC_0167,Government identity seed; current operating status requires Lower Lakes refresh.,,,,,,,,
VESSEL_00347,Saginaw,5173876,COMP_LOWER_LAKES,COMP_LOWER_LAKES,Bulk carrier,Great Lakes laker,Canada,,,,,,,Great Lakes bulk shipping,,2023 regulator-recorded; current status to verify,SRC_0167,Government identity seed; current operating status requires Lower Lakes refresh.,,,,,,,,
VESSEL_00348,Arthur M. Anderson,5025691,COMP_GREAT_LAKES_FLEET,COMP_KEY_LAKES,Bulk carrier,Great Lakes Fleet / laker,United States,,,,,,,CN Great Lakes iron-ore / bulk supply chain,,2023 regulator-recorded; current status to verify,SRC_0167,Michigan regulator identifies Key Lakes as operator; CN confirms the current integrated Great Lakes Fleet role. Current individual vessel activity still requires refresh.,,,,,,,,
VESSEL_00349,Cason J. Callaway,5065392,COMP_GREAT_LAKES_FLEET,COMP_KEY_LAKES,Bulk carrier,Great Lakes Fleet / laker,United States,,,,,,,CN Great Lakes iron-ore / bulk supply chain,,2023 regulator-recorded; current status to verify,SRC_0167,Michigan regulator identifies Key Lakes as operator; CN confirms the current integrated Great Lakes Fleet role. Current individual vessel activity still requires refresh.,,,,,,,,
VESSEL_00350,Edgar B. Speer,7625952,COMP_GREAT_LAKES_FLEET,COMP_KEY_LAKES,Bulk carrier,Great Lakes Fleet / laker,United States,,,,,,,CN Great Lakes iron-ore / bulk supply chain,,2023 regulator-recorded; current status to verify,SRC_0167,Michigan regulator identifies Key Lakes as operator; CN confirms the current integrated Great Lakes Fleet role. Current individual vessel activity still requires refresh.,,,,,,,,
VESSEL_00351,Edwin H. Gott,7606061,COMP_GREAT_LAKES_FLEET,COMP_KEY_LAKES,Bulk carrier,Great Lakes Fleet / laker,United States,,,,,,,CN Great Lakes iron-ore / bulk supply chain,,2023 regulator-recorded; current status to verify,SRC_0167,Michigan regulator identifies Key Lakes as operator; CN confirms the current integrated Great Lakes Fleet role. Current individual vessel activity still requires refresh.,,,,,,,,
VESSEL_00352,Great Republic,7914236,COMP_GREAT_LAKES_FLEET,COMP_KEY_LAKES,Bulk carrier,Great Lakes Fleet / laker,United States,,,,,,,CN Great Lakes iron-ore / bulk supply chain,,2023 regulator-recorded; current status to verify,SRC_0167,Michigan regulator identifies Key Lakes as operator; CN confirms the current integrated Great Lakes Fleet role. Current individual vessel activity still requires refresh.,,,,,,,,
VESSEL_00353,John G. Munson,5173670,COMP_GREAT_LAKES_FLEET,COMP_KEY_LAKES,Bulk carrier,Great Lakes Fleet / laker,United States,,,,,,,CN Great Lakes iron-ore / bulk supply chain,,2023 regulator-recorded; current status to verify,SRC_0167,Michigan regulator identifies Key Lakes as operator; CN confirms the current integrated Great Lakes Fleet role. Current individual vessel activity still requires refresh.,,,,,,,,
VESSEL_00354,Philip R. Clarke,5277062,COMP_GREAT_LAKES_FLEET,COMP_KEY_LAKES,Bulk carrier,Great Lakes Fleet / laker,United States,,,,,,,CN Great Lakes iron-ore / bulk supply chain,,2023 regulator-recorded; current status to verify,SRC_0167,Michigan regulator identifies Key Lakes as operator; CN confirms the current integrated Great Lakes Fleet role. Current individual vessel activity still requires refresh.,,,,,,,,
VESSEL_00355,Presque Isle,7303877,COMP_GREAT_LAKES_FLEET,COMP_KEY_LAKES,Bulk carrier,Great Lakes Fleet / laker,United States,,,,,,,CN Great Lakes iron-ore / bulk supply chain,,2023 regulator-recorded; current status to verify,SRC_0167,Michigan regulator identifies Key Lakes as operator; CN confirms the current integrated Great Lakes Fleet role. Current individual vessel activity still requires refresh.,,,,,,,,
VESSEL_00356,Roger Blough,7222138,COMP_GREAT_LAKES_FLEET,COMP_KEY_LAKES,Bulk carrier,Great Lakes Fleet / laker,United States,,,,,,,CN Great Lakes iron-ore / bulk supply chain,,2023 regulator-recorded; current status to verify,SRC_0167,Michigan regulator identifies Key Lakes as operator; CN confirms the current integrated Great Lakes Fleet role. Current individual vessel activity still requires refresh.,,,,,,,,
VESSEL_00357,Badger,5033583,COMP_LAKE_MICHIGAN_CARFERRY,COMP_LAKE_MICHIGAN_CARFERRY,Passenger / vehicle ferry,Lake Michigan car ferry,United States,,,,,,,Lake Michigan passenger / vehicle / freight crossing,,2023 regulator-recorded; current status to verify,SRC_0167,Great Lakes passenger-vessel identity; bridges the ferry and regional-system layers.,,,,,,,,
VESSEL_00358,Florence Spirit,9314600,COMP_MCKEIL,COMP_MCKEIL,Gearless bulk carrier,Four-hold dry bulk,Canada,2004,13500,"17,311 cbm",,,,Great Lakes / St. Lawrence / unrestricted dry bulk,,Operating,SRC_0177,McKeil official profile provides IMO 9314600 and Canadian Official Number 839979.,,,,,,,,
